country,happiness_rank,happiness_score,economy_gdp_per_capita,health_life_expectancy,freedom,trust_government_corruption,generosity,year
Switzerland,1,7.587,1.39651,0.94143,0.66557,0.41978,0.29678,2015
Iceland,2,7.561,1.30232,0.94784,0.62877,0.14145,0.4363,2015
Denmark,3,7.527,1.32548,0.87464,0.64938,0.48357,0.34139,2015
Norway,4,7.522,1.459,0.88521,0.66973,0.36503,0.34699,2015
Canada,5,7.427,1.32629,0.90563,0.63297,0.32957,0.45811,2015
Finland,6,7.406,1.29025,0.88911,0.64169,0.41372,0.23351,2015
Netherlands,7,7.378,1.32944,0.89284,0.61576,0.31814,0.4761,2015
Sweden,8,7.364,1.33171,0.91087,0.6598,0.43844,0.36262,2015
New Zealand,9,7.286,1.25018,0.90837,0.63938,0.42922,0.47501,2015
Australia,10,7.284,1.33358,0.93156,0.65124,0.35637,0.43562,2015
Israel,11,7.278,1.22857,0.91387,0.41319,0.07785,0.33172,2015
Costa Rica,12,7.226,0.95578,0.86027,0.63376,0.10583,0.25497,2015
Austria,13,7.2,1.33723,0.89042,0.62433,0.18676,0.33088,2015
Mexico,14,7.187,1.02054,0.81444,0.48181,0.21312,0.14074,2015
United States,15,7.119,1.39451,0.86179,0.54604,0.1589,0.40105,2015
Brazil,16,6.983,0.98124,0.69702,0.49049,0.17521,0.14574,2015
Luxembourg,17,6.946,1.56391,0.91894,0.61583,0.37798,0.28034,2015
Ireland,18,6.94,1.33596,0.89533,0.61777,0.28703,0.45901,2015
Belgium,19,6.937,1.30782,0.89667,0.5845,0.2254,0.2225,2015
United Arab Emirates,20,6.901,1.42727,0.80925,0.64157,0.38583,0.26428,2015
United Kingdom,21,6.867,1.26637,0.90943,0.59625,0.32067,0.51912,2015
Oman,22,6.853,1.36011,0.76276,0.63274,0.32524,0.21542,2015
Venezuela,23,6.81,1.04424,0.72052,0.42908,0.11069,0.05841,2015
Singapore,24,6.798,1.52186,1.02525,0.54252,0.4921,0.31105,2015
Panama,25,6.786,1.06353,0.79661,0.5421,0.0927,0.24434,2015
Germany,26,6.75,1.32792,0.89186,0.61477,0.21843,0.28214,2015
Chile,27,6.67,1.10715,0.85857,0.44132,0.12869,0.33363,2015
Qatar,28,6.611,1.69042,0.79733,0.6404,0.52208,0.32573,2015
France,29,6.575,1.27778,0.94579,0.55011,0.20646,0.12332,2015
Argentina,30,6.574,1.05351,0.78723,0.44974,0.08484,0.11451,2015
Czech Republic,31,6.505,1.17898,0.84483,0.46364,0.02652,0.10686,2015
Uruguay,32,6.485,1.06166,0.8116,0.60362,0.24558,0.2324,2015
Colombia,33,6.477,0.91861,0.69077,0.53466,0.0512,0.18401,2015
Thailand,34,6.455,0.9669,0.7385,0.55664,0.03187,0.5763,2015
Saudi Arabia,35,6.411,1.39541,0.72025,0.31048,0.32524,0.13706,2015
Spain,36,6.329,1.23011,0.95562,0.45951,0.06398,0.18227,2015
Malta,37,6.302,1.2074,0.88721,0.60365,0.13586,0.51752,2015
Taiwan,38,6.298,1.29098,0.8753,0.3974,0.08129,0.25376,2015
Kuwait,39,6.295,1.55422,0.72492,0.55499,0.25609,0.16228,2015
Suriname,40,6.269,0.99534,0.6082,0.59657,0.13633,0.16991,2015
Trinidad and Tobago,41,6.168,1.21183,0.61483,0.55884,0.0114,0.31844,2015
El Salvador,42,6.13,0.76454,0.67737,0.4035,0.11776,0.10692,2015
Guatemala,43,6.123,0.74553,0.64425,0.57733,0.09472,0.27489,2015
Uzbekistan,44,6.003,0.63244,0.59772,0.65821,0.30826,0.22837,2015
Slovakia,45,5.995,1.16891,0.78902,0.31751,0.03431,0.16893,2015
Japan,46,5.987,1.27074,0.99111,0.49615,0.1806,0.10705,2015
South Korea,47,5.984,1.24461,0.96538,0.33208,0.07857,0.18557,2015
Ecuador,48,5.975,0.86402,0.79075,0.48574,0.1809,0.11541,2015
Bahrain,49,5.96,1.32376,0.74716,0.45492,0.306,0.17362,2015
Italy,50,5.948,1.25114,0.95446,0.26236,0.02901,0.22823,2015
Bolivia,51,5.89,0.68133,0.5392,0.57414,0.088,0.20536,2015
Moldova,52,5.889,0.59448,0.61826,0.32818,0.01615,0.20951,2015
Paraguay,53,5.878,0.75985,0.66098,0.53899,0.08242,0.3424,2015
Kazakhstan,54,5.855,1.12254,0.64368,0.51649,0.08454,0.11827,2015
Slovenia,55,5.848,1.18498,0.87337,0.60855,0.03787,0.25328,2015
Lithuania,56,5.833,1.14723,0.73128,0.21342,0.01031,0.02641,2015
Nicaragua,57,5.828,0.59325,0.74314,0.55475,0.19317,0.27815,2015
Peru,58,5.824,0.90019,0.73017,0.41496,0.05989,0.14982,2015
Belarus,59,5.813,1.03192,0.73608,0.37938,0.1909,0.11046,2015
Poland,60,5.791,1.12555,0.77903,0.53122,0.04212,0.16759,2015
Malaysia,61,5.77,1.12486,0.72394,0.53024,0.10501,0.33075,2015
Croatia,62,5.759,1.08254,0.78805,0.25883,0.0243,0.05444,2015
Libya,63,5.754,1.13145,0.7038,0.41668,0.11023,0.18295,2015
Russia,64,5.716,1.13764,0.66926,0.36679,0.03005,0.00199,2015
Jamaica,65,5.709,0.81038,0.68741,0.50442,0.02299,0.2123,2015
North Cyprus,66,5.695,1.20806,0.92356,0.49027,0.1428,0.26169,2015
Cyprus,67,5.689,1.20813,0.92356,0.40672,0.06146,0.30638,2015
Algeria,68,5.605,0.93929,0.61766,0.28579,0.17383,0.07822,2015
Kosovo,69,5.589,0.80148,0.63132,0.24749,0.04741,0.2831,2015
Turkmenistan,70,5.548,0.95847,0.53886,0.4761,0.30844,0.16979,2015
Mauritius,71,5.477,1.00761,0.7095,0.56066,0.07521,0.37744,2015
Hong Kong,72,5.474,1.38604,1.01328,0.59608,0.37124,0.39478,2015
Estonia,73,5.429,1.15174,0.77361,0.44888,0.15184,0.0868,2015
Indonesia,74,5.399,0.82827,0.63793,0.46611,0.0,0.51535,2015
Vietnam,75,5.36,0.63216,0.74676,0.59444,0.10441,0.1686,2015
Turkey,76,5.332,1.06098,0.73172,0.22815,0.15746,0.12253,2015
Kyrgyzstan,77,5.286,0.47428,0.65088,0.43477,0.04232,0.3003,2015
Nigeria,78,5.268,0.65435,0.16007,0.34334,0.0403,0.27233,2015
Bhutan,79,5.253,0.77042,0.57407,0.53206,0.15445,0.47998,2015
Azerbaijan,80,5.212,1.02389,0.64045,0.3703,0.16065,0.07799,2015
Pakistan,81,5.194,0.59543,0.51466,0.12102,0.10464,0.33671,2015
Jordan,82,5.192,0.90198,0.69639,0.40661,0.14293,0.11053,2015
Montenegro,82,5.192,0.97438,0.72521,0.1826,0.14296,0.1614,2015
China,84,5.14,0.89012,0.81658,0.51697,0.02781,0.08185,2015
Zambia,85,5.129,0.47038,0.29924,0.48827,0.12468,0.19591,2015
Romania,86,5.124,1.04345,0.7689,0.35068,0.00649,0.13748,2015
Serbia,87,5.123,0.92053,0.74836,0.20107,0.02617,0.19231,2015
Portugal,88,5.102,1.15991,0.87519,0.51469,0.01078,0.13719,2015
Latvia,89,5.098,1.11312,0.72437,0.29671,0.06332,0.18226,2015
Philippines,90,5.073,0.70532,0.58114,0.62545,0.12279,0.24991,2015
Somaliland region,91,5.057,0.18847,0.43873,0.46582,0.39928,0.50318,2015
Morocco,92,5.013,0.73479,0.60954,0.41691,0.08546,0.07172,2015
Macedonia,93,5.007,0.91851,0.73545,0.33457,0.05327,0.22359,2015
Mozambique,94,4.971,0.08308,0.09131,0.34037,0.15603,0.22269,2015
Albania,95,4.959,0.87867,0.81325,0.35733,0.06413,0.14272,2015
Bosnia and Herzegovina,96,4.949,0.83223,0.79081,0.09245,0.00227,0.24808,2015
Lesotho,97,4.898,0.37545,0.07612,0.31767,0.12504,0.16388,2015
Dominican Republic,98,4.885,0.89537,0.66825,0.57672,0.14234,0.21684,2015
Laos,99,4.876,0.59066,0.54909,0.59591,0.24249,0.42192,2015
Mongolia,100,4.874,0.82819,0.60268,0.43626,0.02666,0.3323,2015
Swaziland,101,4.867,0.71206,0.07566,0.30658,0.0306,0.18259,2015
Greece,102,4.857,1.15406,0.88213,0.07699,0.01397,0.0,2015
Lebanon,103,4.839,1.02564,0.83947,0.33916,0.04582,0.21854,2015
Hungary,104,4.8,1.12094,0.75905,0.32112,0.02758,0.128,2015
Honduras,105,4.788,0.59532,0.6951,0.40148,0.06825,0.23027,2015
Tajikistan,106,4.786,0.39047,0.57379,0.47216,0.15072,0.22974,2015
Tunisia,107,4.739,0.88113,0.73793,0.26268,0.06358,0.06431,2015
Palestinian Territories,108,4.715,0.59867,0.66015,0.24499,0.12905,0.11251,2015
Bangladesh,109,4.694,0.39753,0.60164,0.4082,0.12569,0.21222,2015
Iran,110,4.686,1.0088,0.69805,0.30033,0.05863,0.38086,2015
Ukraine,111,4.681,0.79907,0.6739,0.25123,0.02961,0.15275,2015
Iraq,112,4.677,0.98549,0.60237,0.0,0.13788,0.17922,2015
South Africa,113,4.642,0.92049,0.27688,0.33207,0.08884,0.11973,2015
Ghana,114,4.633,0.54558,0.40132,0.42342,0.04355,0.23087,2015
Zimbabwe,115,4.61,0.271,0.33475,0.25861,0.08079,0.18987,2015
Liberia,116,4.571,0.0712,0.34201,0.28531,0.06232,0.24362,2015
India,117,4.565,0.64499,0.51529,0.39786,0.08492,0.26475,2015
Sudan,118,4.55,0.52107,0.36878,0.10081,0.1466,0.19062,2015
Haiti,119,4.518,0.26673,0.38847,0.24425,0.17175,0.46187,2015
Congo (Kinshasa),120,4.517,0.0,0.09806,0.22605,0.07625,0.24834,2015
Nepal,121,4.514,0.35997,0.56874,0.38282,0.05907,0.32296,2015
Ethiopia,122,4.512,0.19073,0.44055,0.4345,0.15048,0.24325,2015
Sierra Leone,123,4.507,0.33024,0.0,0.4084,0.08786,0.21488,2015
Mauritania,124,4.436,0.45407,0.35874,0.24232,0.17461,0.219,2015
Kenya,125,4.419,0.36471,0.41435,0.42215,0.05839,0.37542,2015
Djibouti,126,4.369,0.44025,0.36291,0.46074,0.28105,0.18093,2015
Armenia,127,4.35,0.76821,0.7299,0.19847,0.039,0.07855,2015
Botswana,128,4.332,0.99355,0.04776,0.49495,0.12474,0.10461,2015
Myanmar,129,4.307,0.27108,0.48246,0.44017,0.19034,0.79588,2015
Georgia,130,4.297,0.7419,0.72926,0.40577,0.38331,0.05547,2015
Malawi,131,4.292,0.01604,0.22562,0.43054,0.06977,0.33128,2015
Sri Lanka,132,4.271,0.83524,0.70806,0.53726,0.09179,0.40828,2015
Cameroon,133,4.252,0.4225,0.23402,0.49309,0.05786,0.20618,2015
Bulgaria,134,4.218,1.01216,0.76649,0.30587,0.00872,0.11921,2015
Egypt,135,4.194,0.8818,0.61712,0.17288,0.06324,0.11291,2015
Yemen,136,4.077,0.54649,0.40064,0.35571,0.07854,0.09131,2015
Angola,137,4.033,0.75778,0.16683,0.10384,0.07122,0.12344,2015
Mali,138,3.995,0.26074,0.20583,0.38857,0.12352,0.18798,2015
Congo (Brazzaville),139,3.989,0.67866,0.31051,0.41466,0.11686,0.12388,2015
Comoros,140,3.956,0.23906,0.36315,0.22917,0.199,0.17441,2015
Uganda,141,3.931,0.21102,0.33861,0.45727,0.07267,0.29066,2015
Senegal,142,3.904,0.36498,0.4354,0.36772,0.10713,0.20843,2015
Gabon,143,3.896,1.06024,0.43372,0.31914,0.11091,0.06822,2015
Niger,144,3.845,0.0694,0.29707,0.47692,0.15639,0.19387,2015
Cambodia,145,3.819,0.46038,0.61114,0.66246,0.07247,0.40359,2015
Tanzania,146,3.781,0.2852,0.38215,0.32878,0.05747,0.34377,2015
Madagascar,147,3.681,0.20824,0.46721,0.19184,0.08124,0.21333,2015
Central African Republic,148,3.678,0.0785,0.06699,0.48879,0.08289,0.23835,2015
Chad,149,3.667,0.34193,0.1501,0.23501,0.05269,0.18386,2015
Guinea,150,3.656,0.17417,0.24009,0.37725,0.12139,0.28657,2015
Ivory Coast,151,3.655,0.46534,0.15185,0.46866,0.17922,0.20165,2015
Burkina Faso,152,3.587,0.25812,0.27125,0.39493,0.12832,0.21747,2015
Afghanistan,153,3.575,0.31982,0.30335,0.23414,0.09719,0.3651,2015
Rwanda,154,3.465,0.22208,0.42864,0.59201,0.55191,0.22628,2015
Benin,155,3.34,0.28665,0.3191,0.4845,0.0801,0.1826,2015
Syria,156,3.006,0.6632,0.72193,0.15684,0.18906,0.47179,2015
Burundi,157,2.905,0.0153,0.22396,0.1185,0.10062,0.19727,2015
Togo,158,2.839,0.20868,0.28443,0.36453,0.10731,0.16681,2015
Denmark,1,7.526,1.44178,0.79504,0.57941,0.44453,0.36171,2016
Switzerland,2,7.509,1.52733,0.86303,0.58557,0.41203,0.28083,2016
Iceland,3,7.501,1.42666,0.86733,0.56624,0.14975,0.47678,2016
Norway,4,7.498,1.57744,0.79579,0.59609,0.35776,0.37895,2016
Finland,5,7.413,1.40598,0.81091,0.57104,0.41004,0.25492,2016
Canada,6,7.404,1.44015,0.8276,0.5737,0.31329,0.44834,2016
Netherlands,7,7.339,1.46468,0.81231,0.55211,0.29927,0.47416,2016
New Zealand,8,7.334,1.36066,0.83096,0.58147,0.41904,0.49401,2016
Australia,9,7.313,1.44443,0.8512,0.56837,0.32331,0.47407,2016
Sweden,10,7.291,1.45181,0.83121,0.58218,0.40867,0.38254,2016
Israel,11,7.267,1.33766,0.84917,0.36432,0.08728,0.32288,2016
Austria,12,7.119,1.45038,0.80565,0.54355,0.21348,0.32865,2016
United States,13,7.104,1.50796,0.779,0.48163,0.14868,0.41077,2016
Costa Rica,14,7.087,1.06879,0.76146,0.55225,0.10547,0.22553,2016
Puerto Rico,15,7.039,1.35943,0.77758,0.46823,0.12275,0.22202,2016
Germany,16,6.994,1.44787,0.81487,0.53466,0.28551,0.30452,2016
Brazil,17,6.952,1.08754,0.61415,0.40425,0.14166,0.15776,2016
Belgium,18,6.929,1.42539,0.81959,0.51354,0.26248,0.2424,2016
Ireland,19,6.907,1.48341,0.81455,0.54008,0.29754,0.44963,2016
Luxembourg,20,6.871,1.69752,0.84542,0.5487,0.35329,0.27571,2016
Mexico,21,6.778,1.11508,0.71143,0.37709,0.18355,0.11735,2016
Singapore,22,6.739,1.64555,0.94719,0.4877,0.46987,0.32706,2016
United Kingdom,23,6.725,1.40283,0.80991,0.50036,0.27399,0.50156,2016
Chile,24,6.705,1.2167,0.81883,0.37789,0.11451,0.31595,2016
Panama,25,6.701,1.18306,0.70835,0.48927,0.08423,0.2418,2016
Argentina,26,6.65,1.15137,0.69711,0.42284,0.07296,0.10989,2016
Czech Republic,27,6.596,1.30915,0.76376,0.41418,0.03986,0.09929,2016
United Arab Emirates,28,6.573,1.57352,0.72993,0.56215,0.35561,0.26591,2016
Uruguay,29,6.545,1.18157,0.72183,0.54388,0.21394,0.18056,2016
Malta,30,6.488,1.30782,0.80315,0.54994,0.17554,0.56237,2016
Colombia,31,6.481,1.03032,0.59659,0.44735,0.05399,0.15626,2016
France,32,6.478,1.39488,0.83795,0.46562,0.17808,0.1216,2016
Thailand,33,6.474,1.0893,0.64915,0.49553,0.02833,0.58696,2016
Saudi Arabia,34,6.379,1.48953,0.59267,0.37904,0.30008,0.15457,2016
Taiwan,34,6.379,1.39729,0.79565,0.32377,0.0663,0.25495,2016
Qatar,36,6.375,1.82427,0.71723,0.56679,0.48049,0.32388,2016
Spain,37,6.361,1.34253,0.87896,0.37545,0.06137,0.17665,2016
Algeria,38,6.355,1.05266,0.61804,0.21006,0.16157,0.07044,2016
Guatemala,39,6.324,0.83454,0.54039,0.50379,0.08701,0.28808,2016
Suriname,40,6.269,1.09686,0.50933,0.52234,0.12692,0.16665,2016
Kuwait,41,6.239,1.61714,0.63569,0.43166,0.23669,0.15965,2016
Bahrain,42,6.218,1.44024,0.65696,0.47375,0.25772,0.17147,2016
Trinidad and Tobago,43,6.168,1.32572,0.52608,0.48453,0.01241,0.31935,2016
Venezuela,44,6.084,1.13367,0.61904,0.19847,0.08304,0.0425,2016
Slovakia,45,6.078,1.27973,0.70367,0.23391,0.02947,0.13837,2016
El Salvador,46,6.068,0.8737,0.596,0.37269,0.10613,0.08877,2016
Malaysia,47,6.005,1.25142,0.62366,0.39031,0.09081,0.41474,2016
Nicaragua,48,5.992,0.69384,0.65213,0.46582,0.16292,0.29773,2016
Uzbekistan,49,5.987,0.73591,0.50163,0.60848,0.28333,0.34326,2016
Italy,50,5.977,1.35495,0.85102,0.18827,0.02556,0.16684,2016
Ecuador,51,5.976,0.97306,0.68613,0.4027,0.18037,0.10074,2016
Belize,52,5.956,0.87616,0.45569,0.51231,0.10771,0.23684,2016
Japan,53,5.921,1.38007,0.91491,0.46761,0.18985,0.10224,2016
Kazakhstan,54,5.919,1.22943,0.57386,0.4052,0.11132,0.15011,2016
Moldova,55,5.897,0.69177,0.52309,0.25202,0.01903,0.19997,2016
Russia,56,5.856,1.23228,0.58991,0.32682,0.03586,0.02736,2016
Poland,57,5.835,1.24585,0.69058,0.4519,0.055,0.14443,2016
South Korea,57,5.835,1.35948,0.88645,0.25168,0.07716,0.18824,2016
Bolivia,59,5.822,0.79422,0.4697,0.50961,0.07746,0.21698,2016
Lithuania,60,5.813,1.2692,0.64674,0.18929,0.0182,0.02025,2016
Belarus,61,5.802,1.13062,0.63104,0.29091,0.17457,0.13942,2016
North Cyprus,62,5.771,1.31141,0.84142,0.43596,0.16578,0.26322,2016
Slovenia,63,5.768,1.29947,0.79151,0.53164,0.03635,0.25738,2016
Peru,64,5.743,0.99602,0.62994,0.37502,0.05292,0.14527,2016
Turkmenistan,65,5.658,1.08017,0.44006,0.37408,0.28467,0.22567,2016
Mauritius,66,5.648,1.14372,0.66189,0.46145,0.05203,0.36951,2016
Libya,67,5.615,1.06688,0.52304,0.40672,0.10339,0.17087,2016
Latvia,68,5.56,1.21788,0.63952,0.27996,0.0889,0.17445,2016
Cyprus,69,5.546,1.31857,0.8488,0.29507,0.05228,0.27906,2016
Paraguay,70,5.538,0.89373,0.58295,0.46235,0.07396,0.25296,2016
Romania,71,5.528,1.1697,0.67602,0.36712,0.00679,0.12889,2016
Estonia,72,5.517,1.27964,0.68098,0.41511,0.18519,0.08423,2016
Jamaica,73,5.51,0.89333,0.59469,0.43597,0.04294,0.22245,2016
Croatia,74,5.488,1.18649,0.70524,0.23907,0.04002,0.18434,2016
Hong Kong,75,5.458,1.5107,0.95277,0.48079,0.31647,0.40097,2016
Somalia,76,5.44,0.0,0.11466,0.56778,0.3118,0.27225,2016
Kosovo,77,5.401,0.90145,0.54,0.14396,0.06547,0.27992,2016
Turkey,78,5.389,1.16492,0.64718,0.23889,0.12348,0.04707,2016
Indonesia,79,5.314,0.95104,0.49374,0.39237,0.00322,0.56521,2016
Jordan,80,5.303,0.99673,0.60712,0.36023,0.13297,0.14262,2016
Azerbaijan,81,5.291,1.12373,0.54504,0.35327,0.17914,0.0564,2016
Philippines,82,5.279,0.81217,0.47036,0.54854,0.11757,0.21674,2016
China,83,5.245,1.0278,0.73561,0.44012,0.02745,0.04959,2016
Bhutan,84,5.196,0.8527,0.49759,0.46074,0.1616,0.48546,2016
Kyrgyzstan,85,5.185,0.56044,0.55449,0.40212,0.04762,0.38432,2016
Serbia,86,5.177,1.03437,0.6458,0.15718,0.04339,0.20737,2016
Bosnia and Herzegovina,87,5.163,0.93383,0.70766,0.09511,0.0,0.29889,2016
Montenegro,88,5.161,1.07838,0.63533,0.15111,0.12721,0.17191,2016
Dominican Republic,89,5.155,1.02787,0.57669,0.52259,0.12372,0.21286,2016
Morocco,90,5.151,0.84058,0.59471,0.25646,0.08404,0.04053,2016
Hungary,91,5.145,1.24142,0.67608,0.1977,0.04472,0.099,2016
Pakistan,92,5.132,0.68816,0.40306,0.14622,0.1388,0.31185,2016
Lebanon,93,5.129,1.12268,0.76171,0.26228,0.03061,0.23693,2016
Portugal,94,5.123,1.27607,0.79363,0.44727,0.01521,0.11691,2016
Macedonia,95,5.121,1.0193,0.64738,0.27668,0.07047,0.23507,2016
Vietnam,96,5.061,0.74037,0.66157,0.55954,0.11556,0.25075,2016
Somaliland Region,97,5.057,0.25558,0.33108,0.3913,0.36794,0.51479,2016
Tunisia,98,5.045,0.97724,0.59577,0.23553,0.0817,0.03936,2016
Greece,99,5.033,1.24886,0.80029,0.05822,0.04127,0.0,2016
Tajikistan,100,4.996,0.48835,0.53119,0.43408,0.13509,0.25998,2016
Mongolia,101,4.907,0.98853,0.55469,0.35972,0.03285,0.34539,2016
Laos,102,4.876,0.68042,0.38291,0.52168,0.22423,0.43079,2016
Nigeria,103,4.875,0.75216,0.05108,0.27854,0.0305,0.23219,2016
Honduras,104,4.871,0.69429,0.58383,0.26755,0.06906,0.2044,2016
Iran,105,4.813,1.11758,0.64232,0.22544,0.0557,0.38538,2016
Zambia,106,4.795,0.61202,0.23573,0.42662,0.11479,0.17866,2016
Nepal,107,4.793,0.44626,0.50073,0.37012,0.07008,0.3816,2016
Palestinian Territories,108,4.754,0.67024,0.56844,0.17744,0.10613,0.11154,2016
Albania,109,4.655,0.9553,0.73007,0.31866,0.05301,0.1684,2016
Bangladesh,110,4.643,0.54177,0.52989,0.39778,0.12583,0.19132,2016
Sierra Leone,111,4.635,0.36485,0.0,0.30685,0.08196,0.23897,2016
Iraq,112,4.575,1.07474,0.51076,0.24856,0.13636,0.19589,2016
Namibia,113,4.574,0.93287,0.34745,0.48614,0.10398,0.07795,2016
Cameroon,114,4.513,0.52497,0.12698,0.42736,0.06126,0.2268,2016
Ethiopia,115,4.508,0.29283,0.34578,0.36703,0.1717,0.29522,2016
South Africa,116,4.459,1.02416,0.18611,0.42483,0.08415,0.13656,2016
Sri Lanka,117,4.415,0.97318,0.62007,0.50817,0.07964,0.46978,2016
India,118,4.404,0.74036,0.45091,0.40285,0.08722,0.25028,2016
Myanmar,119,4.395,0.34112,0.3988,0.42692,0.20243,0.81971,2016
Egypt,120,4.362,0.95395,0.52116,0.18847,0.10393,0.12706,2016
Armenia,121,4.36,0.86086,0.64083,0.14037,0.03616,0.07793,2016
Kenya,122,4.356,0.52267,0.30147,0.40576,0.06686,0.41328,2016
Ukraine,123,4.324,0.87287,0.58628,0.12859,0.01829,0.20363,2016
Ghana,124,4.276,0.63107,0.29681,0.40973,0.0326,0.21203,2016
Congo (Kinshasa),125,4.272,0.05661,0.188,0.15602,0.06075,0.25458,2016
Georgia,126,4.252,0.83792,0.64035,0.32461,0.3188,0.06786,2016
Congo (Brazzaville),127,4.236,0.77109,0.28212,0.37938,0.09753,0.12077,2016
Senegal,128,4.219,0.44314,0.40457,0.31056,0.11681,0.19103,2016
Bulgaria,129,4.217,1.11306,0.67806,0.21219,0.00615,0.12793,2016
Mauritania,130,4.201,0.61391,0.28639,0.1268,0.17955,0.22686,2016
Zimbabwe,131,4.193,0.35041,0.1595,0.25429,0.08582,0.18503,2016
Malawi,132,4.156,0.08709,0.29364,0.4143,0.07564,0.30968,2016
Sudan,133,4.139,0.63069,0.29759,0.0,0.10039,0.18077,2016
Gabon,134,4.121,1.15851,0.3494,0.28098,0.09314,0.06244,2016
Mali,135,4.073,0.31292,0.16347,0.27544,0.13647,0.21064,2016
Haiti,136,4.028,0.34097,0.27494,0.12072,0.14476,0.47958,2016
Botswana,137,3.974,1.09426,0.34752,0.44089,0.10769,0.12425,2016
Comoros,138,3.956,0.27509,0.29981,0.15412,0.18437,0.1827,2016
Ivory Coast,139,3.916,0.55507,0.04476,0.40663,0.1553,0.20338,2016
Cambodia,140,3.907,0.55604,0.42494,0.58852,0.08092,0.40339,2016
Angola,141,3.866,0.84731,0.04991,0.00589,0.08434,0.12071,2016
Niger,142,3.856,0.1327,0.26162,0.38041,0.17176,0.2097,2016
South Sudan,143,3.832,0.39394,0.15781,0.19662,0.13015,0.25899,2016
Chad,144,3.763,0.42214,0.03824,0.12807,0.04952,0.18667,2016
Burkina Faso,145,3.739,0.31995,0.21297,0.3337,0.12533,0.24353,2016
Uganda,145,3.739,0.34719,0.19625,0.43653,0.06442,0.27102,2016
Yemen,147,3.724,0.57939,0.31048,0.2287,0.05892,0.09821,2016
Madagascar,148,3.695,0.27954,0.37109,0.13684,0.07506,0.2204,2016
Tanzania,149,3.666,0.47155,0.357,0.3176,0.05099,0.31472,2016
Liberia,150,3.622,0.10706,0.23165,0.25748,0.04852,0.24063,2016
Guinea,151,3.607,0.22415,0.18829,0.30953,0.1192,0.29914,2016
Rwanda,152,3.515,0.32846,0.31865,0.5432,0.50521,0.23552,2016
Benin,153,3.484,0.39499,0.21028,0.39747,0.06681,0.2018,2016
Afghanistan,154,3.36,0.38227,0.17344,0.1643,0.07112,0.31268,2016
Togo,155,3.303,0.28123,0.24811,0.34678,0.11587,0.17517,2016
Syria,156,3.069,0.74719,0.62994,0.06912,0.17233,0.48397,2016
Burundi,157,2.905,0.06831,0.15747,0.0432,0.09419,0.2029,2016
Norway,1,7.53700017929077,1.61646318435669,0.796666502952576,0.635422587394714,0.315963834524155,0.36201223731041,2017
Denmark,2,7.52199983596802,1.48238301277161,0.792565524578094,0.626006722450256,0.40077006816864,0.355280488729477,2017
Iceland,3,7.50400018692017,1.480633020401,0.833552122116089,0.627162635326385,0.153526559472084,0.475540220737457,2017
Switzerland,4,7.49399995803833,1.56497955322266,0.858131289482117,0.620070576667786,0.367007285356522,0.290549278259277,2017
Finland,5,7.4689998626709,1.44357192516327,0.80915766954422,0.617950856685638,0.38261154294014,0.24548277258873,2017
Netherlands,6,7.3769998550415,1.50394463539124,0.810696125030518,0.585384488105774,0.282661825418472,0.470489829778671,2017
Canada,7,7.31599998474121,1.47920441627502,0.83455765247345,0.611100912094116,0.287371516227722,0.435539722442627,2017
New Zealand,8,7.31400012969971,1.40570604801178,0.816759705543518,0.614062130451202,0.382816702127457,0.500005125999451,2017
Sweden,9,7.28399991989136,1.49438726902008,0.830875158309937,0.612924098968506,0.384398728609085,0.385399252176285,2017
Australia,10,7.28399991989136,1.484414935112,0.84388679265976,0.601607382297516,0.301183730363846,0.477699249982834,2017
Israel,11,7.21299982070923,1.37538242340088,0.83840399980545,0.405988603830338,0.0852421000599861,0.330082654953003,2017
Costa Rica,12,7.0789999961853,1.10970628261566,0.759509265422821,0.580131649971008,0.100106589496136,0.214613229036331,2017
Austria,13,7.00600004196167,1.48709726333618,0.815328419208527,0.567766189575195,0.221060365438461,0.316472321748734,2017
United States,14,6.99300003051758,1.54625928401947,0.77428662776947,0.505740523338318,0.135638788342476,0.392578780651093,2017
Ireland,15,6.97700023651123,1.53570663928986,0.80978262424469,0.573110342025757,0.29838815331459,0.42785832285881,2017
Germany,16,6.95100021362305,1.48792338371277,0.798950731754303,0.562511384487152,0.276731938123703,0.336269170045853,2017
Belgium,17,6.89099979400635,1.46378076076508,0.818091869354248,0.539770722389221,0.251343131065369,0.231503337621689,2017
Luxembourg,18,6.86299991607666,1.74194359779358,0.845089495182037,0.59662789106369,0.31883442401886,0.283180981874466,2017
United Kingdom,19,6.71400022506714,1.44163393974304,0.805335938930511,0.508190035820007,0.265428066253662,0.492774158716202,2017
Chile,20,6.65199995040894,1.25278460979462,0.819479703903198,0.376895278692245,0.0822879821062088,0.326662421226501,2017
United Arab Emirates,21,6.64799976348877,1.62634336948395,0.726798236370087,0.60834527015686,0.324489563703537,0.3609419465065,2017
Brazil,22,6.63500022888184,1.10735321044922,0.616552352905273,0.437453746795654,0.111092761158943,0.16234989464283,2017
Czech Republic,23,6.60900020599365,1.35268235206604,0.754444003105164,0.490946173667908,0.0368729270994663,0.0881067588925362,2017
Argentina,24,6.59899997711182,1.18529546260834,0.695137083530426,0.494519203901291,0.059739887714386,0.109457060694695,2017
Mexico,25,6.57800006866455,1.15318381786346,0.709978997707367,0.412730008363724,0.132774114608765,0.120990432798862,2017
Singapore,26,6.57200002670288,1.69227766990662,0.949492394924164,0.549840569496155,0.46430778503418,0.345965981483459,2017
Malta,27,6.52699995040894,1.34327983856201,0.821944236755371,0.588767051696777,0.153066068887711,0.574730575084686,2017
Uruguay,28,6.4539999961853,1.21755969524384,0.719216823577881,0.57939225435257,0.178061872720718,0.175096929073334,2017
Guatemala,29,6.4539999961853,0.872001945972443,0.540239989757538,0.531310617923737,0.0772232785820961,0.283488392829895,2017
Panama,30,6.4520001411438,1.23374843597412,0.706156134605408,0.550026834011078,0.070983923971653,0.21055693924427,2017
France,31,6.44199991226196,1.43092346191406,0.844465851783752,0.470222115516663,0.172502428293228,0.129762306809425,2017
Thailand,32,6.42399978637695,1.12786877155304,0.647239029407501,0.580200731754303,0.0316127352416515,0.572123110294342,2017
Taiwan Province of China,33,6.42199993133545,1.43362653255463,0.793984234333038,0.361466586589813,0.0638292357325554,0.258360475301743,2017
Spain,34,6.40299987792969,1.38439786434174,0.888960599899292,0.408781230449677,0.0709140971302986,0.190133571624756,2017
Qatar,35,6.375,1.87076568603516,0.710098087787628,0.604130983352661,0.439299255609512,0.330473870038986,2017
Colombia,36,6.35699987411499,1.07062232494354,0.595027923583984,0.477487415075302,0.0466687418520451,0.149014472961426,2017
Saudi Arabia,37,6.3439998626709,1.53062355518341,0.590148329734802,0.449750572443008,0.27343225479126,0.147616013884544,2017
Trinidad and Tobago,38,6.16800022125244,1.36135590076447,0.519983291625977,0.518630743026733,0.0089648161083459,0.325296461582184,2017
Kuwait,39,6.10500001907349,1.63295245170593,0.632105708122253,0.496337592601776,0.215159550309181,0.228289797902107,2017
Slovakia,40,6.09800004959106,1.32539355754852,0.712732911109924,0.295817464590073,0.0242108516395092,0.136544480919838,2017
Bahrain,41,6.08699989318848,1.48841226100922,0.653133034706116,0.536746919155121,0.257042169570923,0.172668486833572,2017
Malaysia,42,6.08400011062622,1.29121541976929,0.618784427642822,0.402264982461929,0.0656007081270218,0.416608929634094,2017
Nicaragua,43,6.07100009918213,0.737299203872681,0.653095960617065,0.447551846504211,0.130687981843948,0.301674216985703,2017
Ecuador,44,6.00799989700317,1.00082039833069,0.685636222362518,0.4551981985569,0.140134647488594,0.150112465023994,2017
El Salvador,45,6.00299978256226,0.909784495830536,0.596018552780151,0.432452529668808,0.0899809598922729,0.0782579854130745,2017
Poland,46,5.97300004959106,1.29178786277771,0.699475347995758,0.520342111587524,0.0593078061938286,0.158465966582298,2017
Uzbekistan,47,5.97100019454956,0.786441087722778,0.498272627592087,0.658248662948608,0.246528223156929,0.415983647108078,2017
Italy,48,5.96400022506714,1.39506661891937,0.853144347667694,0.256450712680817,0.0280280914157629,0.17278964817524,2017
Russia,49,5.96299982070923,1.28177809715271,0.547349333763123,0.373783111572266,0.0329628810286522,0.0522638224065304,2017
Belize,50,5.95599985122681,0.907975316047668,0.450191766023636,0.547509372234344,0.0965810716152191,0.240015640854836,2017
Japan,51,5.92000007629395,1.41691517829895,0.913475871086121,0.505625545978546,0.163760736584663,0.12057276815176,2017
Lithuania,52,5.90199995040894,1.31458234786987,0.62894994020462,0.234231784939766,0.0118656428530812,0.010164656676352,2017
Algeria,53,5.87200021743774,1.09186446666718,0.617584645748138,0.233335807919502,0.146096110343933,0.0694366469979286,2017
Latvia,54,5.84999990463257,1.26074862480164,0.638566970825195,0.325707912445068,0.0738427266478539,0.153074786067009,2017
South Korea,55,5.83799982070923,1.40167844295502,0.900214076042175,0.257921665906906,0.0632826685905457,0.206674367189407,2017
Moldova,56,5.83799982070923,0.728870630264282,0.589465200901031,0.240729048848152,0.0100912861526012,0.208779126405716,2017
Romania,57,5.82499980926514,1.21768391132355,0.685158312320709,0.457003742456436,0.00438790069893,0.133519917726517,2017
Bolivia,58,5.82299995422363,0.833756566047668,0.473630249500275,0.558732926845551,0.0604777261614799,0.22556072473526,2017
Turkmenistan,59,5.82200002670288,1.13077676296234,0.437726080417633,0.41827192902565,0.259270340204239,0.24992498755455,2017
Kazakhstan,60,5.81899976730347,1.28455626964569,0.606041550636292,0.437454283237457,0.119282886385918,0.201964423060417,2017
North Cyprus,61,5.80999994277954,1.3469113111496,0.834647238254547,0.471203625202179,0.155353352427483,0.266845703125,2017
Slovenia,62,5.75799989700317,1.3412059545517,0.790828227996826,0.572575807571411,0.0451289787888527,0.242649093270302,2017
Peru,63,5.71500015258789,1.03522527217865,0.630166113376617,0.450002878904343,0.0470490865409374,0.126819714903831,2017
Mauritius,64,5.62900018692017,1.18939554691315,0.638007462024689,0.491247326135635,0.0421815551817417,0.360933750867844,2017
Cyprus,65,5.62099981307983,1.35593807697296,0.84471470117569,0.355111539363861,0.0412379764020443,0.271254301071167,2017
Estonia,66,5.61100006103516,1.32087934017181,0.695168316364288,0.479131430387497,0.183248922228813,0.0988908112049103,2017
Belarus,67,5.56899976730347,1.15655755996704,0.637714266777039,0.295400261878967,0.156313821673393,0.15513750910759,2017
Libya,68,5.52500009536743,1.10180306434631,0.520169019699097,0.465733230113983,0.0926102101802826,0.152073666453362,2017
Turkey,69,5.5,1.19827437400818,0.637605607509613,0.300740599632263,0.0996715798974037,0.0466930419206619,2017
Paraguay,70,5.49300003051758,0.932537317276001,0.579250693321228,0.473507791757584,0.091065913438797,0.224150657653809,2017
"Hong Kong S.A.R., China",71,5.47200012207031,1.55167484283447,0.943062424659729,0.490968644618988,0.293933749198914,0.374465793371201,2017
Philippines,72,5.42999982833862,0.85769921541214,0.468009054660797,0.585214674472809,0.0993318930268288,0.193513423204422,2017
Serbia,73,5.39499998092651,1.06931757926941,0.65078467130661,0.208715528249741,0.0409037806093693,0.220125883817673,2017
Jordan,74,5.33599996566772,0.991012394428253,0.604590058326721,0.418421149253845,0.11980327218771,0.172170460224152,2017
Hungary,75,5.32399988174438,1.2860119342804,0.687763452529907,0.175863519310951,0.0366369374096394,0.0784016624093056,2017
Jamaica,76,5.31099987030029,0.925579309463501,0.641022384166718,0.474307239055634,0.0552677810192108,0.233818337321281,2017
Croatia,77,5.29300022125244,1.22255623340607,0.701288521289825,0.255772292613983,0.0431031100451946,0.248002976179123,2017
Kosovo,78,5.27899980545044,0.951484382152557,0.541452050209045,0.260287940502167,0.0574716180562973,0.319931447505951,2017
China,79,5.27299976348877,1.08116579055786,0.741415500640869,0.472787708044052,0.0227942746132612,0.0288068410009146,2017
Pakistan,80,5.26900005340576,0.72688353061676,0.402047783136368,0.23521526157856,0.124348066747189,0.315446019172668,2017
Indonesia,81,5.26200008392334,0.995538592338562,0.492345720529556,0.443323463201523,0.0153171354904771,0.611704587936401,2017
Venezuela,82,5.25,1.12843120098114,0.617144227027893,0.153997123241425,0.0644911229610443,0.0650196298956871,2017
Montenegro,83,5.23699998855591,1.12112903594971,0.667464673519135,0.194989055395126,0.0881741940975189,0.197911024093628,2017
Morocco,84,5.2350001335144,0.878114581108093,0.59771066904068,0.408158332109451,0.0877631828188896,0.0322099551558495,2017
Azerbaijan,85,5.23400020599365,1.15360176563263,0.540775775909424,0.398155838251114,0.180987507104874,0.0452693402767181,2017
Dominican Republic,86,5.23000001907349,1.07937383651733,0.574873745441437,0.55258983373642,0.113945253193378,0.186967849731445,2017
Greece,87,5.22700023651123,1.28948748111725,0.810198903083801,0.0957312509417534,0.04328977689147,0.0,2017
Lebanon,88,5.22499990463257,1.07498753070831,0.735081076622009,0.288515985012054,0.037513829767704,0.264450758695602,2017
Portugal,89,5.19500017166138,1.3151752948761,0.795843541622162,0.498465299606323,0.0158694516867399,0.0951027125120163,2017
Bosnia and Herzegovina,90,5.18200016021729,0.982409417629242,0.705186307430267,0.204403176903725,0.0,0.328867495059967,2017
Honduras,91,5.18100023269653,0.730573117733002,0.582569479942322,0.348079860210419,0.0733454525470734,0.236188873648643,2017
Macedonia,92,5.17500019073486,1.06457793712616,0.644948184490204,0.325905978679657,0.0602777935564518,0.25376096367836,2017
Somalia,93,5.15100002288818,0.0226431842893362,0.113989137113094,0.602126955986023,0.282410323619843,0.291631311178207,2017
Vietnam,94,5.07399988174438,0.788547575473785,0.652168989181519,0.571055591106415,0.0876332372426987,0.234968051314354,2017
Nigeria,95,5.07399988174438,0.783756256103516,0.0569157302379608,0.394952565431595,0.0261215660721064,0.230947196483612,2017
Tajikistan,96,5.04099988937378,0.524713635444641,0.529235124588013,0.471566706895828,0.146377146244049,0.248997643589973,2017
Bhutan,97,5.01100015640259,0.885416388511658,0.495879292488098,0.501537680625916,0.173380389809608,0.474054545164108,2017
Kyrgyzstan,98,5.00400018692017,0.596220076084137,0.553457796573639,0.454943388700485,0.0394391790032387,0.42858037352562,2017
Nepal,99,4.96199989318848,0.479820191860199,0.504130780696869,0.440305948257446,0.0729755461215973,0.394096165895462,2017
Mongolia,100,4.95499992370605,1.02723586559296,0.557783484458923,0.394143968820572,0.0329022891819477,0.338464230298996,2017
South Africa,101,4.8289999961853,1.05469870567322,0.187080070376396,0.479246735572815,0.0725094974040985,0.139362379908562,2017
Tunisia,102,4.80499982833862,1.00726580619812,0.613212049007416,0.289680689573288,0.0867231488227844,0.0496933571994305,2017
Palestinian Territories,103,4.77500009536743,0.716249227523804,0.565666973590851,0.25471106171608,0.0892826020717621,0.114173173904419,2017
Egypt,104,4.7350001335144,0.989701807498932,0.520187258720398,0.282110154628754,0.114381365478039,0.128631442785263,2017
Bulgaria,105,4.71400022506714,1.1614590883255,0.708217680454254,0.289231717586517,0.0110515309497714,0.113177694380283,2017
Sierra Leone,106,4.70900011062622,0.36842092871666,0.0055647538974881,0.318697690963745,0.0710951760411263,0.293040901422501,2017
Cameroon,107,4.69500017166138,0.564305365085602,0.132892116904259,0.430388748645782,0.0513066314160824,0.236298456788063,2017
Iran,108,4.69199991226196,1.15687310695648,0.639333188533783,0.249322608113289,0.048761073499918,0.387242913246155,2017
Albania,109,4.64400005340576,0.996192753314972,0.731159746646881,0.381498634815216,0.0398642159998417,0.201312944293022,2017
Bangladesh,110,4.60799980163574,0.586682975292206,0.533241033554077,0.478356659412384,0.123717859387398,0.172255352139473,2017
Namibia,111,4.57399988174438,0.964434325695038,0.33861181139946,0.520303547382355,0.0931469723582268,0.0771337449550629,2017
Kenya,112,4.55299997329712,0.560479462146759,0.309988349676132,0.452763766050339,0.0646413192152977,0.444860309362411,2017
Mozambique,113,4.55000019073486,0.234305649995804,0.106654435396194,0.480791091918945,0.179436385631561,0.322228103876114,2017
Myanmar,114,4.54500007629395,0.367110550403595,0.397522568702698,0.514492034912109,0.188816204667091,0.838075160980225,2017
Senegal,115,4.53499984741211,0.479309022426605,0.409362852573395,0.377922266721725,0.115460447967052,0.183468893170357,2017
Zambia,116,4.51399993896484,0.636406779289246,0.257835894823074,0.461603492498398,0.0782135501503944,0.249580144882202,2017
Iraq,117,4.49700021743774,1.10271048545837,0.501180469989777,0.288555532693863,0.107215754687786,0.19963726401329,2017
Gabon,118,4.46500015258789,1.1982102394104,0.356578588485718,0.312328577041626,0.0760467872023582,0.0437853783369064,2017
Ethiopia,119,4.46000003814697,0.339233845472336,0.353409707546234,0.408842742443085,0.165455713868141,0.312650740146637,2017
Sri Lanka,120,4.44000005722046,1.00985014438629,0.625130832195282,0.561213254928589,0.0736539661884308,0.490863561630249,2017
Armenia,121,4.37599992752075,0.900596737861633,0.637524425983429,0.198303267359734,0.0266744215041399,0.0834880918264389,2017
India,122,4.31500005722046,0.792221248149872,0.455427616834641,0.469987004995346,0.0922268852591515,0.231538489460945,2017
Mauritania,123,4.29199981689453,0.648457288742065,0.285349279642105,0.0960980430245399,0.136957004666328,0.201870024204254,2017
Congo (Brazzaville),124,4.29099988937378,0.808964252471924,0.28995743393898,0.435025870800018,0.0796181336045265,0.120852127671242,2017
Georgia,125,4.28599977493286,0.950612664222717,0.649546980857849,0.309410035610199,0.251666635274887,0.0540088154375553,2017
Congo (Kinshasa),126,4.28000020980835,0.0921023488044739,0.191407024860382,0.235961347818375,0.0602413564920425,0.246455833315849,2017
Mali,127,4.19000005722046,0.476180493831635,0.169365674257278,0.306613743305206,0.104970246553421,0.183354198932648,2017
Ivory Coast,128,4.17999982833862,0.603048920631409,0.0486421696841717,0.447706192731857,0.130061775445938,0.201237469911575,2017
Cambodia,129,4.16800022125244,0.601765096187592,0.429783403873444,0.633375823497772,0.0681059509515762,0.385922968387604,2017
Sudan,130,4.13899993896484,0.65951669216156,0.290920823812485,0.0149958552792668,0.089847519993782,0.182317450642586,2017
Ghana,131,4.11999988555908,0.667224824428558,0.295637726783752,0.423026293516159,0.0253363698720932,0.256923943758011,2017
Ukraine,132,4.09600019454956,0.89465194940567,0.575903952121735,0.122974775731564,0.0230294708162546,0.270061463117599,2017
Uganda,133,4.08099985122681,0.381430715322495,0.217632606625557,0.443185955286026,0.057069718837738,0.325766056776047,2017
Burkina Faso,134,4.03200006484985,0.3502277135849,0.215844258666039,0.324367851018906,0.120328105986118,0.250864684581757,2017
Niger,135,4.02799987792969,0.161925330758095,0.26850500702858,0.36365869641304,0.138572946190834,0.228673845529556,2017
Malawi,136,3.97000002861023,0.233442038297653,0.315089583396912,0.466914653778076,0.0727116540074348,0.287170469760895,2017
Chad,137,3.93600010871887,0.438012987375259,0.0411347150802612,0.16234202682972,0.0535818822681904,0.216113850474358,2017
Zimbabwe,138,3.875,0.375846534967422,0.196763753890991,0.336384207010269,0.0953753814101219,0.189143493771553,2017
Lesotho,139,3.80800008773804,0.521021246910095,0.0,0.390661299228668,0.119094640016556,0.157497271895409,2017
Angola,140,3.79500007629395,0.858428180217743,0.0498686656355858,0.0,0.0697203353047371,0.097926490008831,2017
Afghanistan,141,3.79399991035461,0.401477217674255,0.180746778845787,0.106179520487785,0.0611578300595284,0.311870932579041,2017
Botswana,142,3.76600003242493,1.12209415435791,0.341755509376526,0.505196332931519,0.0985831990838051,0.0993484482169151,2017
Benin,143,3.65700006484985,0.431085407733917,0.209930211305618,0.425962775945663,0.0609290152788162,0.207948461174965,2017
Madagascar,144,3.64400005340576,0.305808693170547,0.375223308801651,0.189196765422821,0.0672319754958153,0.208732530474663,2017
Haiti,145,3.6029999256134,0.368610262870789,0.277321130037308,0.0303698573261499,0.0998721495270729,0.489203780889511,2017
Yemen,146,3.59299993515015,0.591683447360992,0.310080915689468,0.249463722109795,0.0567674227058887,0.104125209152699,2017
South Sudan,147,3.59100008010864,0.39724862575531,0.163486003875732,0.147062435746193,0.116793513298035,0.285670816898346,2017
Liberia,148,3.53299999237061,0.119041793048382,0.229918196797371,0.332881182432175,0.0389482490718365,0.26654988527298,2017
Guinea,149,3.50699996948242,0.244549930095673,0.194129139184952,0.348587512969971,0.110937617719173,0.264815092086792,2017
Togo,150,3.49499988555908,0.305444717407227,0.247105568647385,0.38042613863945,0.0956650152802467,0.196896150708199,2017
Rwanda,151,3.47099995613098,0.368745893239975,0.326424807310104,0.581843852996826,0.455220013856888,0.252756029367447,2017
Syria,152,3.46199989318848,0.777153134346008,0.50053334236145,0.0815394446253777,0.151347130537033,0.493663728237152,2017
Tanzania,153,3.34899997711182,0.511135876178741,0.364509284496307,0.390017777681351,0.0660351067781448,0.354256361722946,2017
Burundi,154,2.90499997138977,0.091622568666935,0.151610791683197,0.0599007532000542,0.0841479450464249,0.204435184597969,2017
Central African Republic,155,2.69300007820129,0.0,0.0187726859003305,0.270842045545578,0.0565650761127472,0.280876487493515,2017
Finland,1,7.632,1.305,0.874,0.681,0.393,0.202,2018
Norway,2,7.594,1.456,0.861,0.686,0.34,0.286,2018
Denmark,3,7.555,1.351,0.868,0.683,0.408,0.284,2018
Iceland,4,7.495,1.343,0.914,0.677,0.138,0.353,2018
Switzerland,5,7.487,1.42,0.927,0.66,0.357,0.256,2018
Netherlands,6,7.441,1.361,0.878,0.638,0.295,0.333,2018
Canada,7,7.328,1.33,0.896,0.653,0.291,0.321,2018
New Zealand,8,7.324,1.268,0.876,0.669,0.389,0.365,2018
Sweden,9,7.314,1.355,0.913,0.659,0.383,0.285,2018
Australia,10,7.272,1.34,0.91,0.647,0.302,0.361,2018
United Kingdom,11,7.19,1.244,0.888,0.464,0.082,0.262,2018
Austria,12,7.139,1.341,0.891,0.617,0.224,0.242,2018
Costa Rica,13,7.072,1.01,0.817,0.632,0.101,0.143,2018
Ireland,14,6.977,1.448,0.876,0.614,0.306,0.307,2018
Germany,15,6.965,1.34,0.861,0.586,0.28,0.273,2018
Belgium,16,6.927,1.324,0.894,0.583,0.24,0.188,2018
Luxembourg,17,6.91,1.576,0.896,0.632,0.321,0.196,2018
United States,18,6.886,1.398,0.819,0.547,0.133,0.291,2018
Israel,19,6.814,1.301,0.883,0.533,0.272,0.354,2018
Czech Republic,21,6.711,1.233,0.854,0.543,0.034,0.064,2018
Malta,22,6.627,1.27,0.884,0.645,0.142,0.376,2018
France,23,6.489,1.293,0.908,0.52,0.176,0.098,2018
Mexico,24,6.488,1.038,0.761,0.479,0.095,0.069,2018
Chile,25,6.476,1.131,0.808,0.431,0.061,0.197,2018
Taiwan,26,6.441,1.365,0.857,0.418,0.078,0.151,2018
Panama,27,6.43,1.112,0.759,0.597,0.063,0.125,2018
Brazil,28,6.419,0.986,0.675,0.493,0.088,0.11,2018
Argentina,29,6.388,1.073,0.744,0.57,0.054,0.062,2018
Guatemala,30,6.382,0.781,0.608,0.604,0.071,0.179,2018
Uruguay,31,6.379,1.093,0.771,0.625,0.155,0.13,2018
Qatar,32,6.374,1.649,0.748,0.654,0.171,0.256,2018
Saudi Arabia,33,6.371,1.379,0.633,0.509,0.127,0.098,2018
Singapore,34,6.343,1.529,1.008,0.631,0.457,0.261,2018
Malaysia,35,6.322,1.161,0.669,0.356,0.059,0.311,2018
Spain,36,6.31,1.251,0.965,0.449,0.074,0.142,2018
Colombia,37,6.26,0.96,0.635,0.531,0.039,0.099,2018
Trinidad & Tobago,38,6.192,1.223,0.564,0.575,0.019,0.171,2018
Slovakia,39,6.173,1.21,0.776,0.354,0.014,0.118,2018
El Salvador,40,6.167,0.806,0.639,0.461,0.082,0.065,2018
Nicaragua,41,6.141,0.668,0.7,0.527,0.128,0.208,2018
Poland,42,6.123,1.176,0.781,0.546,0.064,0.108,2018
Bahrain,43,6.105,1.338,0.698,0.594,0.123,0.243,2018
Uzbekistan,44,6.096,0.719,0.605,0.724,0.259,0.328,2018
Kuwait,45,6.083,1.474,0.675,0.554,0.106,0.167,2018
Thailand,46,6.072,1.016,0.707,0.637,0.029,0.364,2018
Italy,47,6.0,1.264,0.946,0.281,0.028,0.137,2018
Ecuador,48,5.973,0.889,0.736,0.556,0.12,0.114,2018
Belize,49,5.956,0.807,0.474,0.593,0.089,0.183,2018
Lithuania,50,5.952,1.197,0.716,0.35,0.006,0.026,2018
Slovenia,51,5.948,1.219,0.856,0.633,0.051,0.16,2018
Romania,52,5.945,1.116,0.726,0.528,0.001,0.088,2018
Latvia,53,5.933,1.148,0.671,0.363,0.066,0.092,2018
Japan,54,5.915,1.294,0.988,0.553,0.15,0.079,2018
Mauritius,55,5.891,1.09,0.684,0.584,0.05,0.245,2018
Jamaica,56,5.89,0.819,0.693,0.575,0.031,0.096,2018
South Korea,57,5.875,1.266,0.955,0.244,0.051,0.175,2018
Northern Cyprus,58,5.835,1.229,0.909,0.495,0.154,0.179,2018
Russia,59,5.81,1.151,0.599,0.399,0.025,0.065,2018
Kazakhstan,60,5.79,1.143,0.631,0.454,0.121,0.148,2018
Cyprus,61,5.762,1.229,0.909,0.423,0.035,0.202,2018
Bolivia,62,5.752,0.751,0.508,0.606,0.054,0.141,2018
Estonia,63,5.739,1.2,0.737,0.553,0.174,0.086,2018
Paraguay,64,5.681,0.835,0.615,0.541,0.074,0.162,2018
Peru,65,5.663,0.934,0.674,0.53,0.034,0.092,2018
Kosovo,66,5.662,0.855,0.578,0.448,0.023,0.274,2018
Moldova,67,5.64,0.657,0.62,0.232,0.0,0.171,2018
Turkmenistan,68,5.636,1.016,0.517,0.417,0.037,0.199,2018
Hungary,69,5.62,1.171,0.732,0.259,0.022,0.061,2018
Libya,70,5.566,0.985,0.553,0.496,0.148,0.116,2018
Philippines,71,5.524,0.775,0.513,0.643,0.105,0.12,2018
Honduras,72,5.504,0.62,0.622,0.459,0.074,0.197,2018
Belarus,73,5.483,1.039,0.7,0.307,0.154,0.101,2018
Turkey,74,5.483,1.148,0.686,0.324,0.109,0.106,2018
Pakistan,75,5.472,0.652,0.424,0.334,0.113,0.216,2018
Hong Kong,76,5.43,1.405,1.03,0.524,0.291,0.246,2018
Portugal,77,5.41,1.188,0.884,0.562,0.017,0.055,2018
Serbia,78,5.398,0.975,0.685,0.288,0.043,0.134,2018
Greece,79,5.358,1.154,0.879,0.131,0.044,0.0,2018
Lebanon,80,5.358,0.965,0.785,0.503,0.136,0.214,2018
Montenegro,81,5.347,1.017,0.729,0.259,0.081,0.111,2018
Croatia,82,5.321,1.115,0.737,0.38,0.039,0.12,2018
Dominican Republic,83,5.302,0.982,0.614,0.578,0.106,0.12,2018
Algeria,84,5.295,0.979,0.687,0.077,0.135,0.055,2018
Morocco,85,5.254,0.779,0.669,0.46,0.074,0.026,2018
China,86,5.246,0.989,0.799,0.597,0.103,0.029,2018
Azerbaijan,87,5.201,1.024,0.603,0.43,0.176,0.031,2018
Tajikistan,88,5.199,0.474,0.598,0.292,0.034,0.187,2018
Macedonia,89,5.185,0.959,0.691,0.394,0.052,0.173,2018
Jordan,90,5.161,0.822,0.645,0.468,0.134,0.13,2018
Nigeria,91,5.155,0.689,0.048,0.462,0.032,0.201,2018
Kyrgyzstan,92,5.131,0.53,0.594,0.54,0.035,0.281,2018
Bosnia and Herzegovina,93,5.129,0.915,0.758,0.28,0.0,0.216,2018
Mongolia,94,5.125,0.914,0.575,0.395,0.032,0.253,2018
Vietnam,95,5.103,0.715,0.702,0.618,0.079,0.177,2018
Indonesia,96,5.093,0.899,0.522,0.538,0.018,0.484,2018
Bhutan,97,5.082,0.796,0.527,0.541,0.171,0.364,2018
Somalia,98,4.982,0.0,0.115,0.674,0.282,0.238,2018
Cameroon,99,4.975,0.535,0.182,0.454,0.043,0.183,2018
Bulgaria,100,4.933,1.054,0.712,0.359,0.009,0.064,2018
Nepal,101,4.88,0.425,0.539,0.526,0.078,0.302,2018
Venezuela,102,4.806,0.996,0.657,0.133,0.052,0.056,2018
Gabon,103,4.758,1.036,0.404,0.356,0.052,0.032,2018
Palestinian Territories,104,4.743,0.642,0.602,0.266,0.076,0.086,2018
South Africa,105,4.724,0.94,0.33,0.516,0.056,0.103,2018
Iran,106,4.707,1.059,0.691,0.459,0.129,0.282,2018
Ivory Coast,107,4.671,0.541,0.08,0.467,0.103,0.146,2018
Ghana,108,4.657,0.592,0.337,0.499,0.029,0.212,2018
Senegal,109,4.631,0.429,0.433,0.406,0.082,0.138,2018
Laos,110,4.623,0.72,0.441,0.626,0.174,0.23,2018
Tunisia,111,4.592,0.9,0.69,0.271,0.063,0.04,2018
Albania,112,4.586,0.916,0.79,0.419,0.032,0.149,2018
Sierra Leone,113,4.571,0.256,0.0,0.355,0.053,0.238,2018
Congo (Brazzaville),114,4.559,0.682,0.343,0.514,0.077,0.091,2018
Bangladesh,115,4.5,0.532,0.579,0.58,0.144,0.153,2018
Sri Lanka,116,4.471,0.918,0.672,0.585,0.05,0.307,2018
Iraq,117,4.456,1.01,0.536,0.304,0.095,0.148,2018
Mali,118,4.447,0.37,0.152,0.367,0.056,0.139,2018
Namibia,119,4.441,0.874,0.365,0.519,0.064,0.051,2018
Cambodia,120,4.433,0.549,0.457,0.696,0.065,0.256,2018
Burkina Faso,121,4.424,0.314,0.254,0.312,0.128,0.175,2018
Egypt,122,4.419,0.885,0.553,0.312,0.107,0.092,2018
Mozambique,123,4.417,0.198,0.173,0.531,0.158,0.206,2018
Kenya,124,4.41,0.493,0.454,0.504,0.055,0.352,2018
Zambia,125,4.377,0.562,0.295,0.503,0.082,0.221,2018
Mauritania,126,4.356,0.557,0.292,0.129,0.093,0.134,2018
Ethiopia,127,4.35,0.308,0.391,0.452,0.146,0.22,2018
Georgia,128,4.34,0.853,0.643,0.375,0.215,0.038,2018
Armenia,129,4.321,0.816,0.666,0.26,0.028,0.077,2018
Myanmar,130,4.308,0.682,0.429,0.58,0.178,0.598,2018
Chad,131,4.301,0.358,0.053,0.189,0.06,0.181,2018
Congo (Kinshasa),132,4.245,0.069,0.204,0.312,0.052,0.197,2018
India,133,4.19,0.721,0.485,0.539,0.093,0.172,2018
Niger,134,4.166,0.131,0.221,0.39,0.099,0.175,2018
Uganda,135,4.161,0.322,0.237,0.45,0.061,0.259,2018
Benin,136,4.141,0.378,0.24,0.44,0.067,0.163,2018
Sudan,137,4.139,0.605,0.312,0.016,0.082,0.134,2018
Ukraine,138,4.103,0.793,0.609,0.163,0.011,0.187,2018
Togo,139,3.999,0.259,0.253,0.434,0.101,0.158,2018
Guinea,140,3.964,0.344,0.211,0.394,0.094,0.185,2018
Lesotho,141,3.808,0.472,0.079,0.423,0.112,0.116,2018
Angola,142,3.795,0.73,0.269,0.0,0.061,0.079,2018
Madagascar,143,3.774,0.262,0.402,0.221,0.049,0.155,2018
Zimbabwe,144,3.692,0.357,0.248,0.406,0.099,0.132,2018
Afghanistan,145,3.632,0.332,0.255,0.085,0.036,0.191,2018
Botswana,146,3.59,1.017,0.417,0.557,0.092,0.042,2018
Malawi,147,3.587,0.186,0.306,0.531,0.08,0.21,2018
Haiti,148,3.582,0.315,0.289,0.025,0.104,0.392,2018
Liberia,149,3.495,0.076,0.267,0.419,0.03,0.206,2018
Syria,150,3.462,0.689,0.539,0.088,0.144,0.376,2018
Rwanda,151,3.408,0.332,0.4,0.636,0.444,0.2,2018
Yemen,152,3.355,0.442,0.343,0.244,0.064,0.083,2018
Tanzania,153,3.303,0.455,0.381,0.481,0.097,0.27,2018
South Sudan,154,3.254,0.337,0.177,0.112,0.106,0.224,2018
Central African Republic,155,3.083,0.024,0.01,0.305,0.038,0.218,2018
Burundi,156,2.905,0.091,0.145,0.065,0.076,0.149,2018
Finland,1,7.769,1.34,0.986,0.596,0.393,0.153,2019
Denmark,2,7.6,1.383,0.996,0.592,0.41,0.252,2019
Norway,3,7.554,1.488,1.028,0.603,0.341,0.271,2019
Iceland,4,7.494,1.38,1.026,0.591,0.118,0.354,2019
Netherlands,5,7.488,1.396,0.999,0.557,0.298,0.322,2019
Switzerland,6,7.48,1.452,1.052,0.572,0.343,0.263,2019
Sweden,7,7.343,1.387,1.009,0.574,0.373,0.267,2019
New Zealand,8,7.307,1.303,1.026,0.585,0.38,0.33,2019
Canada,9,7.278,1.365,1.039,0.584,0.308,0.285,2019
Austria,10,7.246,1.376,1.016,0.532,0.226,0.244,2019
Australia,11,7.228,1.372,1.036,0.557,0.29,0.332,2019
Costa Rica,12,7.167,1.034,0.963,0.558,0.093,0.144,2019
Israel,13,7.139,1.276,1.029,0.371,0.082,0.261,2019
Luxembourg,14,7.09,1.609,1.012,0.526,0.316,0.194,2019
United Kingdom,15,7.054,1.333,0.996,0.45,0.278,0.348,2019
Ireland,16,7.021,1.499,0.999,0.516,0.31,0.298,2019
Germany,17,6.985,1.373,0.987,0.495,0.265,0.261,2019
Belgium,18,6.923,1.356,0.986,0.473,0.21,0.16,2019
United States,19,6.892,1.433,0.874,0.454,0.128,0.28,2019
Czech Republic,20,6.852,1.269,0.92,0.457,0.036,0.046,2019
United Arab Emirates,21,6.825,1.503,0.825,0.598,0.182,0.262,2019
Malta,22,6.726,1.3,0.999,0.564,0.151,0.375,2019
Mexico,23,6.595,1.07,0.861,0.433,0.073,0.074,2019
France,24,6.592,1.324,1.045,0.436,0.183,0.111,2019
Taiwan,25,6.446,1.368,0.914,0.351,0.097,0.242,2019
Chile,26,6.444,1.159,0.92,0.357,0.056,0.187,2019
Guatemala,27,6.436,0.8,0.746,0.535,0.078,0.175,2019
Saudi Arabia,28,6.375,1.403,0.795,0.439,0.132,0.08,2019
Qatar,29,6.374,1.684,0.871,0.555,0.167,0.22,2019
Spain,30,6.354,1.286,1.062,0.362,0.079,0.153,2019
Panama,31,6.321,1.149,0.91,0.516,0.054,0.109,2019
Brazil,32,6.3,1.004,0.802,0.39,0.086,0.099,2019
Uruguay,33,6.293,1.124,0.891,0.523,0.15,0.127,2019
Singapore,34,6.262,1.572,1.141,0.556,0.453,0.271,2019
El Salvador,35,6.253,0.794,0.789,0.43,0.074,0.093,2019
Italy,36,6.223,1.294,1.039,0.231,0.03,0.158,2019
Bahrain,37,6.199,1.362,0.871,0.536,0.11,0.255,2019
Slovakia,38,6.198,1.246,0.881,0.334,0.014,0.121,2019
Trinidad & Tobago,39,6.192,1.231,0.713,0.489,0.016,0.185,2019
Poland,40,6.182,1.206,0.884,0.483,0.05,0.117,2019
Uzbekistan,41,6.174,0.745,0.756,0.631,0.24,0.322,2019
Lithuania,42,6.149,1.238,0.818,0.291,0.042,0.043,2019
Colombia,43,6.125,0.985,0.841,0.47,0.034,0.099,2019
Slovenia,44,6.118,1.258,0.953,0.564,0.057,0.144,2019
Nicaragua,45,6.105,0.694,0.835,0.435,0.127,0.2,2019
Kosovo,46,6.1,0.882,0.758,0.489,0.006,0.262,2019
Argentina,47,6.086,1.092,0.881,0.471,0.05,0.066,2019
Romania,48,6.07,1.162,0.825,0.462,0.005,0.083,2019
Cyprus,49,6.046,1.263,1.042,0.406,0.041,0.19,2019
Ecuador,50,6.028,0.912,0.868,0.498,0.087,0.126,2019
Kuwait,51,6.021,1.5,0.808,0.493,0.097,0.142,2019
Thailand,52,6.008,1.05,0.828,0.557,0.028,0.359,2019
Latvia,53,5.94,1.187,0.812,0.264,0.064,0.075,2019
South Korea,54,5.895,1.301,1.036,0.159,0.056,0.175,2019
Estonia,55,5.893,1.237,0.874,0.495,0.161,0.103,2019
Jamaica,56,5.89,0.831,0.831,0.49,0.028,0.107,2019
Mauritius,57,5.888,1.12,0.798,0.498,0.06,0.215,2019
Japan,58,5.886,1.327,1.088,0.445,0.14,0.069,2019
Honduras,59,5.86,0.642,0.828,0.507,0.078,0.246,2019
Kazakhstan,60,5.809,1.173,0.729,0.41,0.096,0.146,2019
Bolivia,61,5.779,0.776,0.706,0.511,0.064,0.137,2019
Hungary,62,5.758,1.201,0.828,0.199,0.02,0.081,2019
Paraguay,63,5.743,0.855,0.777,0.514,0.08,0.184,2019
Northern Cyprus,64,5.718,1.263,1.042,0.417,0.162,0.191,2019
Peru,65,5.697,0.96,0.854,0.455,0.027,0.083,2019
Portugal,66,5.693,1.221,0.999,0.508,0.025,0.047,2019
Pakistan,67,5.653,0.677,0.535,0.313,0.098,0.22,2019
Russia,68,5.648,1.183,0.726,0.334,0.031,0.082,2019
Philippines,69,5.631,0.807,0.657,0.558,0.107,0.117,2019
Serbia,70,5.603,1.004,0.854,0.282,0.039,0.137,2019
Moldova,71,5.529,0.685,0.739,0.245,0.0,0.181,2019
Libya,72,5.525,1.044,0.673,0.416,0.152,0.133,2019
Montenegro,73,5.523,1.051,0.871,0.197,0.08,0.142,2019
Tajikistan,74,5.467,0.493,0.718,0.389,0.144,0.23,2019
Croatia,75,5.432,1.155,0.914,0.296,0.022,0.119,2019
Hong Kong,76,5.43,1.438,1.122,0.44,0.287,0.258,2019
Dominican Republic,77,5.425,1.015,0.779,0.497,0.101,0.113,2019
Bosnia and Herzegovina,78,5.386,0.945,0.845,0.212,0.006,0.263,2019
Turkey,79,5.373,1.183,0.808,0.195,0.106,0.083,2019
Malaysia,80,5.339,1.221,0.828,0.508,0.024,0.26,2019
Belarus,81,5.323,1.067,0.789,0.235,0.142,0.094,2019
Greece,82,5.287,1.181,0.999,0.067,0.034,0.0,2019
Mongolia,83,5.285,0.948,0.667,0.317,0.038,0.235,2019
North Macedonia,84,5.274,0.983,0.838,0.345,0.034,0.185,2019
Nigeria,85,5.265,0.696,0.245,0.426,0.041,0.215,2019
Kyrgyzstan,86,5.261,0.551,0.723,0.508,0.023,0.3,2019
Turkmenistan,87,5.247,1.052,0.657,0.394,0.028,0.244,2019
Algeria,88,5.211,1.002,0.785,0.086,0.114,0.073,2019
Morocco,89,5.208,0.801,0.782,0.418,0.076,0.036,2019
Azerbaijan,90,5.208,1.043,0.769,0.351,0.182,0.035,2019
Lebanon,91,5.197,0.987,0.815,0.216,0.027,0.166,2019
Indonesia,92,5.192,0.931,0.66,0.491,0.028,0.498,2019
China,93,5.191,1.029,0.893,0.521,0.1,0.058,2019
Vietnam,94,5.175,0.741,0.851,0.543,0.073,0.147,2019
Bhutan,95,5.082,0.813,0.604,0.457,0.167,0.37,2019
Cameroon,96,5.044,0.549,0.331,0.381,0.037,0.187,2019
Bulgaria,97,5.011,1.092,0.815,0.311,0.004,0.081,2019
Ghana,98,4.996,0.611,0.486,0.381,0.04,0.245,2019
Ivory Coast,99,4.944,0.569,0.232,0.352,0.09,0.154,2019
Nepal,100,4.913,0.446,0.677,0.439,0.089,0.285,2019
Jordan,101,4.906,0.837,0.815,0.383,0.13,0.11,2019
Benin,102,4.883,0.393,0.397,0.349,0.082,0.175,2019
Congo (Brazzaville),103,4.812,0.673,0.508,0.372,0.093,0.105,2019
Gabon,104,4.799,1.057,0.571,0.295,0.055,0.043,2019
Laos,105,4.796,0.764,0.551,0.547,0.164,0.266,2019
South Africa,106,4.722,0.96,0.469,0.389,0.055,0.13,2019
Albania,107,4.719,0.947,0.874,0.383,0.027,0.178,2019
Venezuela,108,4.707,0.96,0.805,0.154,0.047,0.064,2019
Cambodia,109,4.7,0.574,0.637,0.609,0.062,0.232,2019
Palestinian Territories,110,4.696,0.657,0.672,0.225,0.066,0.103,2019
Senegal,111,4.681,0.45,0.571,0.292,0.072,0.153,2019
Somalia,112,4.668,0.0,0.268,0.559,0.27,0.243,2019
Namibia,113,4.639,0.879,0.477,0.401,0.056,0.07,2019
Niger,114,4.628,0.138,0.366,0.318,0.102,0.188,2019
Burkina Faso,115,4.587,0.331,0.38,0.255,0.113,0.177,2019
Armenia,116,4.559,0.85,0.815,0.283,0.064,0.095,2019
Iran,117,4.548,1.1,0.785,0.305,0.125,0.27,2019
Guinea,118,4.534,0.38,0.375,0.332,0.086,0.207,2019
Georgia,119,4.519,0.886,0.752,0.346,0.164,0.043,2019
Gambia,120,4.516,0.308,0.428,0.382,0.167,0.269,2019
Kenya,121,4.509,0.512,0.581,0.431,0.053,0.372,2019
Mauritania,122,4.49,0.57,0.489,0.066,0.088,0.106,2019
Mozambique,123,4.466,0.204,0.39,0.494,0.138,0.197,2019
Tunisia,124,4.461,0.921,0.815,0.167,0.055,0.059,2019
Bangladesh,125,4.456,0.562,0.723,0.527,0.143,0.166,2019
Iraq,126,4.437,1.043,0.574,0.241,0.089,0.148,2019
Congo (Kinshasa),127,4.418,0.094,0.357,0.269,0.053,0.212,2019
Mali,128,4.39,0.385,0.308,0.327,0.052,0.153,2019
Sierra Leone,129,4.374,0.268,0.242,0.309,0.045,0.252,2019
Sri Lanka,130,4.366,0.949,0.831,0.47,0.047,0.244,2019
Myanmar,131,4.36,0.71,0.555,0.525,0.172,0.566,2019
Chad,132,4.35,0.35,0.192,0.174,0.078,0.198,2019
Ukraine,133,4.332,0.82,0.739,0.178,0.01,0.187,2019
Ethiopia,134,4.286,0.336,0.532,0.344,0.1,0.209,2019
Swaziland,135,4.212,0.811,0.0,0.313,0.135,0.074,2019
Uganda,136,4.189,0.332,0.443,0.356,0.06,0.252,2019
Egypt,137,4.166,0.913,0.644,0.241,0.067,0.076,2019
Zambia,138,4.107,0.578,0.426,0.431,0.087,0.247,2019
Togo,139,4.085,0.275,0.41,0.293,0.085,0.177,2019
India,140,4.015,0.755,0.588,0.498,0.085,0.2,2019
Liberia,141,3.975,0.073,0.443,0.37,0.033,0.233,2019
Comoros,142,3.973,0.274,0.505,0.142,0.078,0.275,2019
Madagascar,143,3.933,0.274,0.555,0.148,0.041,0.169,2019
Lesotho,144,3.802,0.489,0.168,0.359,0.093,0.107,2019
Burundi,145,3.775,0.046,0.38,0.22,0.18,0.176,2019
Zimbabwe,146,3.663,0.366,0.433,0.361,0.089,0.151,2019
Haiti,147,3.597,0.323,0.449,0.026,0.11,0.419,2019
Botswana,148,3.488,1.041,0.538,0.455,0.1,0.025,2019
Syria,149,3.462,0.619,0.44,0.013,0.141,0.331,2019
Malawi,150,3.41,0.191,0.495,0.443,0.089,0.218,2019
Yemen,151,3.38,0.287,0.463,0.143,0.077,0.108,2019
Rwanda,152,3.334,0.359,0.614,0.555,0.411,0.217,2019
Tanzania,153,3.231,0.476,0.499,0.417,0.147,0.276,2019
Afghanistan,154,3.203,0.35,0.361,0.0,0.025,0.158,2019
Central African Republic,155,3.083,0.026,0.105,0.225,0.035,0.235,2019
South Sudan,156,2.853,0.306,0.295,0.01,0.091,0.202,2019
Finland,1,7.808700085,10.63926697,0.8448403617177899,0.949172199,0.195444584,-0.059482019,2020
Denmark,2,7.645599842,10.77400112,0.8607139620349322,0.951444268,0.168489456,0.066201776,2020
Switzerland,3,7.559899807,10.97993279,0.9145018479604898,0.921336651,0.303728431,0.105911039,2020
Iceland,4,7.504499912,10.77255917,0.8796193242110275,0.948891878,0.711709738,0.246944219,2020
Norway,5,7.487999916,11.08780384,0.8859722888903463,0.955750287,0.263218194,0.13453263,2020
Netherlands,6,7.448900223,10.81271172,0.8574997003606751,0.908547819,0.364717126,0.20761244,2020
Sweden,7,7.353499889,10.75879383,0.8669872638930534,0.939144194,0.250880182,0.111614622,2020
New Zealand,8,7.299600124,10.50094318,0.8860307079550545,0.936217487,0.22113885,0.191598073,2020
Austria,9,7.294199944,10.7428236,0.8796985038744036,0.899989486,0.499954879,0.085429221,2020
Luxembourg,10,7.237500191,11.45068073,0.8669628823002049,0.90563643,0.367084295,-0.004620588,2020
Canada,11,7.23210001,10.69236851,0.8986545606018438,0.933913231,0.390843362,0.124770768,2020
Australia,12,7.222799778,10.72059631,0.8987474999798235,0.915431738,0.41516912,0.19046016,2020
United Kingdom,13,7.164500237,10.60013485,0.8575214263257573,0.834743679,0.435915917,0.263732493,2020
Israel,14,7.128600121,10.41752529,0.8859556321272709,0.747580588,0.78085506,0.10259372,2020
Costa Rica,15,7.121399879,9.658156395,0.8258249202428176,0.934738934,0.786332428,-0.10242971,2020
Ireland,16,7.093699932,11.16097832,0.8574955965250826,0.886982977,0.357184172,0.145784974,2020
Germany,17,7.075799942,10.7328186,0.8543704121303284,0.867371082,0.456422031,0.080179386,2020
United States,18,6.939599991,10.92576885,0.7308908645886883,0.842619538,0.699715316,0.149891734,2020
Czech Republic,19,6.910900116,10.40416336,0.7862130990202977,0.818537354,0.85844624,-0.230861515,2020
Belgium,20,6.863500118,10.6736393,0.8480304832199049,0.813582063,0.612297952,-0.078691199,2020
United Arab Emirates,21,6.790800095,11.1099987,0.692392869908966,0.941345513,0.594502211,0.123450845,2020
Malta,22,6.772799969,10.53383827,0.8543064407057919,0.924911439,0.658547282,0.214965805,2020
France,23,6.663799763,10.58422279,0.9049932824087372,0.825467646,0.583521128,-0.130641967,2020
Mexico,24,6.465000153,9.797797203,0.7308758977705547,0.858709276,0.806821585,-0.175266623,2020
Taiwan Province of China,25,6.45539999,10.77568531,0.7720399310493227,0.77153033,0.73188293,-0.073198698,2020
Uruguay,26,6.440100193,9.948192596,0.7531360173974633,0.892395437,0.635994136,-0.101103112,2020
Saudi Arabia,27,6.406499863,10.79781246,0.6677875341721085,0.854191244,0.682619512,-0.168695062,2020
Spain,28,6.400899887,10.46292686,0.9240024472617631,0.751989543,0.765859902,-0.050961714,2020
Guatemala,29,6.398900032,8.924805641,0.6204462765659673,0.908147573,0.783237457,-0.042938665,2020
Italy,30,6.38740015,10.48183632,0.8986572159132004,0.66465199,0.873404682,-0.043460999,2020
Singapore,31,6.377099991,11.39552116,1.0,0.926645339,0.109784193,0.029879224,2020
Brazil,32,6.375599861,9.56643486,0.6733252856748223,0.799804807,0.770601273,-0.101812392,2020
Slovenia,33,6.363399982,10.39232254,0.8195960363140951,0.936142623,0.817071021,-0.080603383,2020
El Salvador,34,6.34829998,8.909075737,0.6615579259812678,0.833805263,0.754319906,-0.121072978,2020
Kosovo,35,6.325200081,9.204429626,0.591229326616144,0.861535907,0.922328293,0.190933764,2020
Panama,36,6.304800034,10.03423405,0.7721352846343623,0.880366504,0.851588905,-0.153927714,2020
Slovakia,37,6.280600071,10.34774971,0.7500919437153233,0.749952674,0.918096125,-0.124409303,2020
Uzbekistan,38,6.257599831,8.740371704,0.6298952159494815,0.974998116,0.501497388,0.248427153,2020
Chile,39,6.228499889,10.0320549,0.781551876490959,0.744896293,0.838239431,-0.065668367,2020
Bahrain,40,6.227300167,10.67638016,0.7372348973347043,0.905855775,0.7393471,0.13372919,2020
Lithuania,41,6.215499878,10.34362602,0.6990782443220407,0.747381449,0.809583843,-0.219725296,2020
Trinidad and Tobago,42,6.191899776,10.26000214,0.5790299785832339,0.857907116,0.912230611,0.000526841,2020
Poland,43,6.186299801,10.26512432,0.7628999858059495,0.862055779,0.686927021,-0.205084071,2020
Colombia,44,6.163400173,9.500369072,0.7119089780605731,0.836179912,0.86457181,-0.161235645,2020
Cyprus,45,6.15899992,10.40570259,0.9018384054820121,0.779858291,0.856271744,0.043731496,2020
Nicaragua,46,6.13710022,8.493160248,0.7058210724334093,0.863902867,0.665950119,0.020959141,2020
Romania,47,6.123700142,10.107584,0.6963306118525588,0.842823207,0.934300244,-0.19781521,2020
Kuwait,48,6.102099895,11.08982468,0.6824215375673245,0.872366488,0.760849059,-0.100184701,2020
Mauritius,49,6.101299763,9.956786156,0.67092623717717,0.889534533,0.805343091,-0.018318573,2020
Kazakhstan,50,6.057899952,10.11465836,0.6141502827435305,0.811601937,0.764490843,-0.068488635,2020
Estonia,51,6.021800041,10.34001732,0.7405558584179546,0.87770915,0.623073816,-0.111697771,2020
Philippines,52,6.006000042,8.993545532,0.5292511688827247,0.915463448,0.733634114,-0.105463006,2020
Hungary,53,6.000400066,10.24924374,0.7090734754151187,0.718964577,0.892916501,-0.194323018,2020
Thailand,54,5.998799801,9.741791725,0.6977024968798567,0.905063033,0.886272311,0.268685192,2020
Argentina,55,5.974699974,9.810955048,0.746847506984093,0.831132412,0.842009842,-0.194913864,2020
Honduras,56,5.953199863,8.424534798,0.6960626563847514,0.870603263,0.801131904,0.086969115,2020
Latvia,57,5.949999809,10.17531967,0.6836814122465068,0.671237648,0.795580089,-0.186888844,2020
Ecuador,58,5.925199986,9.246058464,0.7372361044382342,0.859828949,0.801215112,-0.127014965,2020
Portugal,59,5.910900116,10.26374245,0.8606987537960927,0.888747811,0.892629504,-0.220714301,2020
Jamaica,60,5.889800072,9.006250381,0.6929374716735874,0.858068526,0.888890028,-0.125106767,2020
South Korea,61,5.872399807,10.51056671,0.8986902880186457,0.612965107,0.789067447,-0.043404032,2020
Japan,62,5.870800018,10.57968903,0.9429319496100008,0.809961379,0.654558063,-0.246910349,2020
Peru,63,5.796800137,9.456313133,0.7245859391493582,0.824766099,0.893714964,-0.16238822,2020
Serbia,64,5.77820015,9.680980682,0.7280655009800663,0.726495862,0.843509018,-0.073676221,2020
Bolivia,65,5.747499943,8.851115227,0.5822089956821015,0.875873327,0.822606206,-0.09168113,2020
Pakistan,66,5.69329977,8.482727051,0.41301402989411606,0.734833717,0.745705426,0.04489987,2020
Paraguay,67,5.692100048,9.389982224,0.6467397331422148,0.885923445,0.834788501,0.007997713,2020
Dominican Republic,68,5.689199924,9.664880753,0.6520411527583307,0.866202772,0.755999923,-0.131263286,2020
Bosnia and Herzegovina,69,5.674099922,9.455817223,0.7153436394368808,0.651352704,0.933769107,0.098274559,2020
Moldova,70,5.607500076,8.776714325,0.6269032853429226,0.721609175,0.913314283,-0.037741039,2020
Tajikistan,71,5.555699825,8.024810791,0.5981598442969717,0.831383407,0.592076063,-0.025088511,2020
Montenegro,72,5.54610014,9.751860619,0.7374041199604072,0.649565637,0.783121586,-0.075600356,2020
Russia,73,5.546000004,10.12887192,0.5980290047158365,0.729892612,0.864802599,-0.151153743,2020
Kyrgyzstan,74,5.541500092,8.148405075,0.5982047450677825,0.909374893,0.888396084,0.154772058,2020
Belarus,75,5.539899826,9.779945374,0.6614336041263753,0.639163077,0.63571167,-0.164926544,2020
North Cyprus,76,5.53550005,10.40570259,0.9018384054820121,0.79529351,0.62611568,0.000227159,2020
Greece,77,5.514999866,10.13232613,0.8608011079487874,0.541345119,0.859931409,-0.300907373,2020
Hong Kong S.A.R. of China,78,5.510399818,10.9346714,0.9989598007607502,0.779833794,0.420607209,0.134979904,2020
Croatia,79,5.504700184,10.07087517,0.7914961719283958,0.714838803,0.916495264,-0.128538325,2020
Libya,80,5.488800049,9.789815903,0.5410607740357333,0.773157001,0.668779135,-0.085054487,2020
Mongolia,81,5.456200123,9.412186623,0.5412027180201158,0.693351328,0.863511205,0.098093867,2020
Malaysia,82,5.384300232,10.26251888,0.6930057883544225,0.894626856,0.839302301,0.114726797,2020
Vietnam,83,5.353499889,8.809545517,0.7199189228394847,0.939592957,0.79642123,-0.094533332,2020
Indonesia,84,5.285600185,9.36975193,0.5364997331891448,0.870614409,0.876296401,0.519586504,2020
Ivory Coast,85,5.233300209,8.225561142,0.13617557928415097,0.727909327,0.790771961,-0.043991156,2020
Benin,86,5.21600008,7.674319744,0.28832735414243493,0.735182583,0.740532577,-0.003537213,2020
Maldives,87,5.197599888,9.518632889,0.8036809147996167,0.853962779,0.824211061,0.038085498,2020
Congo (Brazzaville),88,5.194399834,8.536987305,0.4026150547858272,0.719058514,0.751779079,-0.123674095,2020
Azerbaijan,89,5.164800167,9.687726974,0.6425777290816853,0.786824107,0.55253756,-0.240255281,2020
Macedonia,90,5.159800053,9.510591507,0.7057339265195542,0.738840938,0.897490501,-0.019877451,2020
Ghana,91,5.147999763,8.350645065,0.37981793735551167,0.794796526,0.847964764,0.094170853,2020
Nepal,92,5.137199879,7.925357342,0.5878634647620835,0.797565043,0.738099158,0.154168829,2020
Turkey,93,5.131800175,10.12941933,0.6866984487080321,0.608830452,0.748197377,-0.171046436,2020
China,94,5.123899937,9.688568115,0.7622057149107632,0.898517907,0.7539711,-0.18142575,2020
Turkmenistan,95,5.119100094,9.74803257,0.5382671545604689,0.826457024,0.883691847,0.187671542,2020
Bulgaria,96,5.101500034,9.869318962,0.6835710918433336,0.745178163,0.935585141,-0.143908441,2020
Morocco,97,5.094799995,8.940313339,0.6548493767624649,0.772072434,0.815724611,-0.240377247,2020
Cameroon,98,5.084899902,8.118647575,0.23746368585257138,0.763051808,0.851336598,-0.00149645,2020
Venezuela,99,5.053199768,8.977793694,0.674121911039113,0.62327832,0.837038398,-0.169090509,2020
Algeria,100,5.005099773,9.537964821,0.6551320582605192,0.466610909,0.735485137,-0.121105164,2020
Senegal,101,4.980800152,8.118982315,0.455603298062883,0.690596163,0.808785141,-0.052335154,2020
Guinea,102,4.949299812,7.750990391,0.29324228958356546,0.706846774,0.761794448,0.076328471,2020
Niger,103,4.909599781,6.842166901,0.2626231586809133,0.759772122,0.722530186,0.013860817,2020
Laos,104,4.888599873,8.79858017,0.42746722341896987,0.907213569,0.634679317,0.11137148,2020
Albania,105,4.882699966,9.417930603,0.7438205729064409,0.781994224,0.896303713,-0.042309489,2020
Cambodia,106,4.848400116,8.249890327,0.5166962363103302,0.959704638,0.822769046,0.051911179,2020
Bangladesh,107,4.832799911,8.287063599,0.6107680058635099,0.90062499,0.661843538,-0.033664726,2020
Gabon,108,4.829299927,9.680537224,0.4592796022649113,0.704829216,0.849150956,-0.222261623,2020
South Africa,109,4.814099789,9.403370857,0.3577333166598428,0.759330094,0.843423843,-0.109777324,2020
Iraq,110,4.784800053,9.661095619,0.4652347369452919,0.633182645,0.82226181,-0.06956476,2020
Lebanon,111,4.771500111,9.3617239,0.6931458012895665,0.551357508,0.90225625,-0.06121527,2020
Burkina Faso,112,4.768700123,7.46854496,0.2749428452852719,0.665563583,0.739795029,-0.019080516,2020
Gambia,113,4.750599861,7.321814537,0.31046182425877283,0.733163178,0.690717816,0.343198717,2020
Mali,114,4.729300022,7.629852295,0.20652011115023233,0.71156615,0.839328408,-0.044366926,2020
Nigeria,115,4.724100113,8.57662487,0.147507329960579,0.759578407,0.861874342,0.033745807,2020
Armenia,116,4.676799774,9.100476265,0.6818839363703575,0.712017834,0.773544788,-0.13877961,2020
Georgia,117,4.672599792,9.226100922,0.6105193621537244,0.801641524,0.665944695,-0.22892037,2020
Iran,118,4.672399998,9.813719749,0.6583270075439348,0.647873282,0.714635968,0.117891103,2020
Jordan,119,4.633399963,9.025999069,0.6834373552137257,0.75104779,0.700344324,-0.162565202,2020
Mozambique,120,4.623600006,7.069345951,0.28495304319648324,0.864451885,0.683019102,0.032375868,2020
Kenya,121,4.583000183,8.02977562,0.4713535422079569,0.829747558,0.831499159,0.294681519,2020
Namibia,122,4.571100235,9.203141212,0.3575901655719302,0.767520964,0.851449788,-0.18530646,2020
Ukraine,123,4.56069994,9.010690689,0.6140496185357781,0.663081884,0.920636714,-0.030933706,2020
Liberia,124,4.557899952,7.054380417,0.34477005371164254,0.735268712,0.856375933,0.04227322,2020
Palestinian Territories,125,4.552800179,8.389223099,0.5394787488953663,0.645791829,0.824199975,-0.162079096,2020
Uganda,126,4.43200016,7.500389576,0.33248983607041416,0.731713951,0.836737812,0.099487431,2020
Chad,127,4.422699928,7.467963696,0.09557280421667043,0.587305248,0.802760839,0.017834719,2020
Tunisia,128,4.392199993,9.314972878,0.6865415379055158,0.593361557,0.867590249,-0.216413811,2020
Mauritania,129,4.374599934,8.233919144,0.37368561379894916,0.551522553,0.746223509,-0.106008142,2020
Sri Lanka,130,4.327000141,9.389969826,0.6961036944242657,0.837633669,0.859001756,0.081129618,2020
Congo (Kinshasa),131,4.31099987,6.694256306,0.2436355992408217,0.700793564,0.809403598,0.083637655,2020
Swaziland,132,4.308100224,9.16267395,0.18947366151561443,0.646822274,0.708263338,-0.19920142,2020
Myanmar,133,4.308000088,8.680481911,0.4354340779241613,0.895075202,0.645124316,0.560663998,2020
Comoros,134,4.288599968,7.833630085,0.38440661881627497,0.547612607,0.780622602,0.090008408,2020
Togo,135,4.187200069,7.357711315,0.3012189208363257,0.649828613,0.757733464,0.002667875,2020
Ethiopia,136,4.186200142,7.509385586,0.4252418633554672,0.740795195,0.753690004,0.043377332,2020
Madagascar,137,4.165599823,7.281685829,0.43998135905614627,0.557574093,0.817485631,-0.011823639,2020
Egypt,138,4.151400089,9.316541672,0.5246122760284383,0.708354175,0.787726879,-0.196878314,2020
Sierra Leone,139,3.926399946,7.26880312,0.17925066786356753,0.715315044,0.861330688,0.088660747,2020
Burundi,140,3.775300026,6.492642403,0.25945609111596873,0.626350224,0.606934547,-0.017551597,2020
Zambia,141,3.759399891,8.224720001,0.31955421341997886,0.806500256,0.801289678,0.078037128,2020
Haiti,142,3.720799923,7.411329269,0.32902270629863106,0.537825167,0.684767246,0.40053457,2020
Lesotho,143,3.652800083,7.960488319,0.08870939611314738,0.738125861,0.857392073,-0.145732045,2020
India,144,3.573299885,8.849823952,0.475095266042348,0.881444871,0.772042692,0.057551607,2020
Malawi,145,3.538000107,7.062226295,0.3921231399831486,0.803223193,0.731700778,0.021433279,2020
Yemen,146,3.527400017,7.759682655,0.3647345652285655,0.599920273,0.800287724,-0.157735437,2020
Botswana,147,3.478899956,9.711203575,0.43425519372185495,0.821328104,0.777930915,-0.250394493,2020
Tanzania,148,3.476200104,7.967665195,0.3890598750951347,0.82153976,0.619799435,0.109668687,2020
Central African Republic,149,3.475899935,6.625160217,0.0,0.640880644,0.891806662,0.082410358,2020
Rwanda,150,3.312299967,7.600104332,0.5030551178093131,0.900589406,0.183541179,0.055483952,2020
Zimbabwe,151,3.299200058,7.865711689,0.32961232970262105,0.711457908,0.81023699,-0.072063953,2020
South Sudan,152,2.816600084,7.425359726,0.18351768170455793,0.451313615,0.763417304,0.016518548,2020
Afghanistan,153,2.566900015,7.462860584,0.23382685061367312,0.396573007,0.933686554,-0.0964294,2020
Finland,1,7.842,10.775,0.8260579455662861,0.949,0.186,-0.098,2021
Denmark,2,7.62,10.933,0.8506409130816506,0.946,0.179,0.03,2021
Switzerland,3,7.571,11.117,0.9103424056189641,0.919,0.292,0.025,2021
Iceland,4,7.554,10.878,0.8611764705882352,0.955,0.673,0.16,2021
Netherlands,5,7.464,10.932,0.8401053555750659,0.913,0.338,0.175,2021
Norway,6,7.392,11.053,0.8717120280948198,0.96,0.27,0.093,2021
Sweden,7,7.363,10.867,0.8506409130816506,0.945,0.237,0.086,2021
Luxembourg,8,7.324,11.647,0.8471290605794554,0.907,0.386,-0.034,2021
New Zealand,9,7.277,10.643,0.8752238805970151,0.929,0.242,0.134,2021
Austria,10,7.268,10.906,0.8717120280948198,0.908,0.481,0.042,2021
Australia,11,7.183,10.796,0.8927831431079896,0.914,0.442,0.159,2021
Israel,12,7.157,10.575,0.8788410886742756,0.8,0.753,0.031,2021
Germany,13,7.155,10.873,0.8436172080772607,0.875,0.46,0.011,2021
Canada,14,7.103,10.776,0.8892712906057944,0.915,0.415,0.089,2021
Ireland,15,7.085,11.342,0.8401053555750659,0.879,0.363,0.077,2021
Costa Rica,16,7.069,9.88,0.8049868305531169,0.934,0.809,-0.126,2021
United Kingdom,17,7.064,10.707,0.8436172080772607,0.859,0.459,0.233,2021
Czech Republic,18,6.965,10.556,0.784161545215101,0.858,0.868,-0.208,2021
United States,19,6.951,11.023,0.6926075504828797,0.837,0.698,0.098,2021
Belgium,20,6.834,10.823,0.8330465320456539,0.783,0.646,-0.153,2021
France,21,6.69,10.704,0.8962949956101842,0.822,0.571,-0.147,2021
Bahrain,22,6.647,10.669,0.7380860403863039,0.925,0.722,0.089,2021
Malta,23,6.602,10.674,0.8330816505706761,0.927,0.653,0.133,2021
Taiwan Province of China,24,6.584,10.871,0.7417734855136081,0.784,0.721,-0.07,2021
United Arab Emirates,25,6.561,11.085,0.6621597892888498,0.932,0.589,0.074,2021
Saudi Arabia,26,6.494,10.743,0.6365232660228267,0.877,0.684,-0.149,2021
Spain,27,6.491,10.571,0.9208779631255487,0.761,0.745,-0.081,2021
Italy,28,6.483,10.623,0.8892712906057944,0.693,0.866,-0.084,2021
Slovenia,29,6.461,10.529,0.8049868305531169,0.949,0.806,-0.101,2021
Guatemala,30,6.435,9.053,0.5787532923617207,0.906,0.775,-0.038,2021
Uruguay,31,6.431,9.966,0.7242142230026336,0.896,0.59,-0.092,2021
Singapore,32,6.377,11.488,1.0,0.927,0.082,-0.018,2021
Kosovo,33,6.372,9.318,0.5385425812115892,0.869,0.917,0.257,2021
Slovakia,34,6.331,10.369,0.7277611940298504,0.766,0.911,-0.124,2021
Brazil,35,6.33,9.577,0.636453028972783,0.804,0.756,-0.071,2021
Mexico,36,6.317,9.859,0.7065496049165932,0.862,0.799,-0.147,2021
Jamaica,37,6.309,9.186,0.6680245829675153,0.89,0.884,-0.137,2021
Lithuania,38,6.255,10.499,0.6822827041264268,0.773,0.826,-0.203,2021
Cyprus,39,6.223,10.576,0.8927129060579453,0.763,0.844,-0.015,2021
Estonia,40,6.189,10.481,0.713678665496049,0.909,0.527,-0.106,2021
Panama,41,6.18,10.35,0.7435996488147497,0.872,0.856,-0.166,2021
Uzbekistan,42,6.179,8.836,0.5891834942932395,0.97,0.515,0.311,2021
Chile,43,6.172,10.071,0.755820895522388,0.742,0.83,-0.044,2021
Poland,44,6.166,10.382,0.745355575065847,0.841,0.735,-0.165,2021
Kazakhstan,45,6.152,10.155,0.5872519754170324,0.853,0.733,-0.069,2021
Romania,46,6.14,10.284,0.6629323968393328,0.845,0.938,-0.219,2021
Kuwait,47,6.106,10.817,0.646953467954346,0.867,0.736,-0.104,2021
Serbia,48,6.078,9.787,0.7066549604916591,0.778,0.835,0.002,2021
El Salvador,49,6.061,9.054,0.6294644424934153,0.888,0.688,-0.11,2021
Mauritius,50,6.049,10.008,0.6399648814749778,0.867,0.789,-0.054,2021
Latvia,51,6.032,10.315,0.6539771729587355,0.715,0.8,-0.162,2021
Colombia,52,6.012,9.557,0.685618964003512,0.837,0.841,-0.135,2021
Hungary,53,5.992,10.358,0.6855838454784898,0.755,0.876,-0.186,2021
Thailand,54,5.985,9.805,0.6645478489903421,0.884,0.895,0.287,2021
Nicaragua,55,5.972,8.62,0.6735381913959612,0.836,0.664,0.02,2021
Japan,56,5.94,10.611,0.9349253731343281,0.796,0.638,-0.258,2021
Argentina,57,5.929,9.962,0.7207023705004388,0.828,0.834,-0.182,2021
Portugal,58,5.929,10.421,0.8471290605794554,0.892,0.887,-0.244,2021
Honduras,59,5.919,8.648,0.6610008779631253,0.857,0.809,0.081,2021
Croatia,60,5.882,10.217,0.7838805970149255,0.754,0.939,-0.118,2021
Philippines,61,5.88,9.076,0.4748726953467954,0.917,0.742,-0.097,2021
South Korea,62,5.845,10.651,0.8927831431079896,0.672,0.727,-0.083,2021
Peru,63,5.84,9.458,0.6943634767339771,0.822,0.891,-0.154,2021
Bosnia and Herzegovina,64,5.813,9.59,0.6890254609306408,0.706,0.931,0.113,2021
Moldova,65,5.766,9.454,0.6047761194029849,0.822,0.918,-0.079,2021
Ecuador,66,5.764,9.313,0.713678665496049,0.842,0.843,-0.124,2021
Kyrgyzstan,67,5.744,8.538,0.559192273924495,0.935,0.908,0.119,2021
Greece,68,5.723,10.279,0.8471290605794554,0.582,0.823,-0.288,2021
Bolivia,69,5.716,9.046,0.5416330114135207,0.875,0.839,-0.077,2021
Mongolia,70,5.677,9.4,0.4924319578577699,0.708,0.856,0.116,2021
Paraguay,71,5.653,9.448,0.6118349429323969,0.876,0.882,0.028,2021
Montenegro,72,5.581,9.94,0.7101316944688322,0.708,0.812,-0.034,2021
Dominican Republic,73,5.545,9.802,0.6189288849868306,0.86,0.714,-0.133,2021
North Cyprus,74,5.536,10.576,0.8927129060579453,0.795,0.626,0.012,2021
Belarus,75,5.534,9.853,0.6242317822651448,0.65,0.627,-0.18,2021
Russia,76,5.477,10.189,0.5697980684811238,0.718,0.845,-0.111,2021
Hong Kong S.A.R. of China,77,5.477,11.0,0.9953292361720805,0.717,0.403,0.067,2021
Tajikistan,78,5.466,8.091,0.5549780509218614,0.832,0.553,-0.056,2021
Vietnam,79,5.411,8.973,0.6867778753292363,0.94,0.796,-0.098,2021
Libya,80,5.41,9.622,0.48540825285337996,0.771,0.667,-0.087,2021
Malaysia,81,5.384,10.238,0.6540474100087796,0.895,0.839,0.125,2021
Indonesia,82,5.345,9.365,0.48316066725197526,0.873,0.867,0.542,2021
Congo (Brazzaville),83,5.342,8.117,0.34215978928884966,0.695,0.745,-0.068,2021
China,84,5.339,9.673,0.7415276558384548,0.904,0.755,-0.146,2021
Ivory Coast,85,5.306,8.551,0.05745390693590854,0.741,0.794,-0.016,2021
Armenia,86,5.283,9.487,0.6523968393327482,0.825,0.629,-0.168,2021
Nepal,87,5.269,8.12,0.5532923617208078,0.782,0.727,0.152,2021
Bulgaria,88,5.266,10.016,0.6504653204565407,0.788,0.932,-0.096,2021
Maldives,89,5.198,9.826,0.7768920105355572,0.854,0.825,0.024,2021
Azerbaijan,90,5.171,9.569,0.6032660228270413,0.814,0.506,-0.223,2021
Cameroon,91,5.142,8.189,0.17689201053555748,0.731,0.848,0.026,2021
Senegal,92,5.132,8.118,0.39768217734855127,0.695,0.801,-0.046,2021
Albania,93,5.117,9.52,0.7206672519754168,0.785,0.901,-0.03,2021
North Macedonia,94,5.101,9.693,0.5968744512730466,0.751,0.905,0.038,2021
Ghana,95,5.088,8.58,0.31985952589991207,0.807,0.848,0.123,2021
Niger,96,5.074,7.098,0.186198419666374,0.806,0.693,0.018,2021
Turkmenistan,97,5.066,9.629,0.48923617208077247,0.877,0.888,0.273,2021
Gambia,98,5.051,7.686,0.23466198419666356,0.697,0.746,0.424,2021
Benin,99,5.045,8.087,0.21896400351185247,0.757,0.661,-0.034,2021
Laos,100,5.03,8.947,0.3683933274802459,0.91,0.658,0.123,2021
Bangladesh,101,5.025,8.454,0.5732045654082527,0.877,0.682,-0.041,2021
Guinea,102,4.984,7.838,0.2293239683933275,0.697,0.766,0.095,2021
South Africa,103,4.956,9.403,0.295908691834943,0.749,0.86,-0.067,2021
Turkey,104,4.948,10.24,0.6574539069359085,0.576,0.776,-0.139,2021
Pakistan,105,4.934,8.458,0.35929762949956107,0.726,0.787,0.098,2021
Morocco,106,4.918,8.903,0.622651448639157,0.774,0.801,-0.236,2021
Venezuela,107,4.892,9.073,0.6399297629499561,0.615,0.827,-0.169,2021
Georgia,108,4.891,9.585,0.5556453028972781,0.783,0.655,-0.238,2021
Algeria,109,4.887,9.342,0.6155223880597013,0.48,0.752,-0.067,2021
Ukraine,110,4.875,9.436,0.5767866549604916,0.724,0.924,-0.011,2021
Iraq,111,4.854,9.24,0.42510974539069346,0.63,0.875,-0.053,2021
Gabon,112,4.852,9.603,0.40330114135206324,0.731,0.84,-0.2,2021
Burkina Faso,113,4.834,7.678,0.19922739244951718,0.695,0.748,-0.009,2021
Cambodia,114,4.83,8.36,0.4748726953467954,0.959,0.843,0.034,2021
Mozambique,115,4.794,7.158,0.2187181738366989,0.882,0.684,0.061,2021
Nigeria,116,4.759,8.533,0.057032484635645135,0.737,0.878,0.037,2021
Mali,117,4.723,7.744,0.12259877085162421,0.697,0.827,-0.036,2021
Iran,118,4.721,9.584,0.6258823529411763,0.608,0.714,0.218,2021
Uganda,119,4.636,7.677,0.26770851624231773,0.709,0.855,0.122,2021
Liberia,120,4.625,7.288,0.28165057067603144,0.735,0.85,0.05,2021
Kenya,121,4.607,8.361,0.4293590869183494,0.779,0.825,0.287,2021
Tunisia,122,4.596,9.266,0.6575241439859523,0.656,0.87,-0.201,2021
Lebanon,123,4.584,9.626,0.6629323968393328,0.525,0.898,-0.073,2021
Namibia,124,4.574,9.161,0.2922212467076382,0.719,0.847,-0.149,2021
Palestinian Territories,125,4.517,8.485,0.48365232660228263,0.653,0.821,-0.163,2021
Myanmar,126,4.426,8.541,0.3801229148375767,0.876,0.66,0.509,2021
Jordan,127,4.395,9.182,0.6504653204565407,0.755,0.705,-0.167,2021
Chad,128,4.355,7.364,0.0,0.579,0.807,0.041,2021
Sri Lanka,129,4.325,9.47,0.6609657594381038,0.841,0.863,0.079,2021
Swaziland,130,4.308,9.065,0.08270412642668996,0.647,0.708,-0.185,2021
Comoros,131,4.289,8.031,0.3115364354697101,0.548,0.781,0.082,2021
Egypt,132,4.283,9.367,0.4748024582967514,0.749,0.795,-0.182,2021
Ethiopia,133,4.275,7.694,0.36951712028094813,0.752,0.761,0.082,2021
Mauritania,134,4.227,8.542,0.30493415276558383,0.561,0.731,-0.106,2021
Madagascar,135,4.208,7.396,0.38022827041264257,0.552,0.803,-0.005,2021
Togo,136,4.107,7.362,0.22602282704126425,0.619,0.772,0.032,2021
Zambia,137,4.073,8.145,0.2574539069359085,0.782,0.823,0.061,2021
Sierra Leone,138,3.849,7.434,0.11143107989464449,0.717,0.866,0.084,2021
India,139,3.819,8.755,0.42686567164179107,0.893,0.774,0.089,2021
Burundi,140,3.775,6.635,0.17285338015803325,0.626,0.607,-0.024,2021
Yemen,141,3.658,7.578,0.30356453028972774,0.602,0.8,-0.147,2021
Tanzania,142,3.623,7.876,0.3343634767339772,0.833,0.577,0.183,2021
Haiti,143,3.615,7.477,0.2536259877085163,0.593,0.721,0.422,2021
Malawi,144,3.6,6.958,0.33257243195785774,0.78,0.729,0.038,2021
Lesotho,145,3.512,7.926,0.007796312554872741,0.715,0.915,-0.131,2021
Botswana,146,3.467,9.782,0.3789640035118524,0.824,0.801,-0.246,2021
Rwanda,147,3.415,7.676,0.4538015803336259,0.897,0.167,0.061,2021
Zimbabwe,148,3.145,7.943,0.27122036874451266,0.677,0.821,-0.047,2021
Afghanistan,149,2.523,7.695,0.14100087796312555,0.382,0.924,-0.102,2021
